id,user,date,timestamp,commentText,likes,hasReplies,numberOfReplies,replies.id,replies.user,replies.date,replies.timestamp,replies.commentText,replies.likes
UgyrTRf9bMjFv9LWtNN4AaABAg,LosAngeles MexicanMaster,11 hours ago,1532069427335,ORANGE BUFFOON,0,false,0,,,,,,
UgxT4MeHb6s9J00zUCB4AaABAg,Donald J Trump,1 day ago,1532022627345,Me and Putin will make peace,0,true,1,,,,,,
,,,,,,,,UgxT4MeHb6s9J00zUCB4AaABAg.8isqulEjc5h8iuss_cAsI3,LosAngeles MexicanMaster,11 hours ago,1532069427777,BENJAMIN NETANYAHU IS YOUR BOSS!    stupid orange clown,0
UgyQEavPr2OPYD0biKV4AaABAg,art hick,1 day ago,1532022627355,I FUCKING LOVE TRUMP. HE IS HAVING A BLAST WITH THESE TERRORIST DEMOCRATS. MUELLER INVESTIGATION? OK! I'LL GO MEAT PUTIN AND DO WHAT'S HONORABLE. INVESTIGATE THAT POS DEMOCRATS. LOVE YOU TRUMP! MAGA,0,false,0,,,,,,
UgxYQzwc6W6U6oimr5h4AaABAg,Katone Vi,1 day ago,1532022627359,"Conservatives: Love guns
Liberals: Can't figure out which bathroom to use.",0,false,0,,,,,,
UgztbOC038O2YLnsDN54AaABAg,Kris Chu,1 day ago,1532022627369,Great job! At least this one isn‚Äôt warmongering like the previous one,0,false,0,,,,,,
UgxvEo_AUs6LX_RyBfl4AaABAg,What is truth?,1 day ago,1532022627374,Trump is a straight shooter.  God bless him.,0,false,0,,,,,,
UgxgAB64HWhfYYX7jCZ4AaABAg,mc 74 Two,1 day ago,1532022627382,Would instead of wouldn't lol ok # Free Donald Trump.,1,false,0,,,,,,
UgxBP_wX74xYziWqUjN4AaABAg,Companion,2 days ago,1531936227386,Trump is a SLIder. :D (slider syndrome),0,false,0,,,,,,
UgxXtGKdCDiAwa9ZH3V4AaABAg,sander Tamso,2 days ago,1531936227393,"Its like the MUPPETSHOW.
Reading a script to give people a illusion that they can choise.
They are no country's,but corperations.
They all working together at the same scam how to rob the people.
What you now see is a pack of hyena's in each country and suck the people dry with taxing them because there proxy wars they play out.
Its the central banks who run all the corperations.

The corperation media cannot explane what the meeting is about.
Only a story for the goyim you hear.",0,false,0,,,,,,
UgzbGwr7qBIF_4YWO514AaABAg,DoITdoItRight,2 days ago,1531936227399,"What about the DNC meddling in American Elections? Gov. Terry McAuliffe(VA)(D) releasing 206,000 criminals in time for the 2016 POTUS election. Hillary won the state by 200,000 votes, how convenient. Operation Veritas uncovering DNC voting fraud methods first hand from some of their top officials. The Main Stream Media Outlets assaulting Trump and praising Hillary, how about totally false polls having Hillary way ahead all the way through the election cycle, no illegal collusion there? The DNC scuttling Bernie Sanders in the primaries in favor of Killary, admitted to by Donna Brazile in her book. Not to mention all the elections that the US is involved in fixing around the globe. So shut up about all this ""Russian Collusion"", ""BIG NOTHING BURGER"" (Van Jones CNN). Put some people in jail for doing all this and being asinine enough to think Hillary Rotten Clinton could win an election for dog catcher anywhere in America.",0,false,0,,,,,,
UgxV3I4VjNNVok2bxPB4AaABAg,Shane Mac,2 days ago,1531936227405,"WRONG Elizabeth 2nd is not inspiring or a great person, she's the daughter of Winston Churchill, along with Bill Clinton, sired from the Clinton cigar tube of artificial insemination",1,false,0,,,,,,
Ugzc_P9MhWbqyWpZX1J4AaABAg,Begitte Olsen,2 days ago,1531936227412,"I think TRUMP did VERY well in Helsinki.
But some of you missed something important by interpreting his words instead of listening to what he actually said.

He said:
""Russia DID interfere in our election""...

BUT he DIDN'T say:

""The Russian GOVERNMENT DID interfere in our election.

BIG DIFFERENCE, PEOPLE..BIG DIFFERENCE!",0,false,0,,,,,,
Ugy_tGBoLEPxgaMMBsl4AaABAg,Tom Riviere,2 days ago,1531936227416,"Unfortunately, what the Americans really have are politicians ""who obediently rubber-stamp decisions made by and for the interests of the military-industrial complex and Wall Street,""

The rules we live by were the lies, and it didn‚Äôt apply to those who made them.",0,false,0,,,,,,
UgzKbl2c4nv5FOd9NkJ4AaABAg,Conscious Being,2 days ago,1531936227424,"Damn! This guy is clever! In the presence of Putin he said ""I don't see why Russia would do it"" and now he claims he meant to say ""I don't see why Russia wouldn't do it"". Maintains the diplomatic decorum, while shutting up the sensible among his detractors.
Why wouldn't Russia influence US elections if they could? What moron expects they wouldn't try? It is a complete non-event that they tried to do it, successfully or otherwise.
What matters is if any candidate or campaign colluded with a foreign power in an illegal manner to effect the election. Until Mueller proves collusion between Trump team and Russia, there is nothing to see here.",0,false,0,,,,,,
UgxfA147Guy2Mg1kddl4AaABAg,Mario Spiros,2 days ago,1531936227432,I want to do the b.m s.x with Mike Tyson on my fantasy Island in UFC cage.,0,false,0,,,,,,
UgximAoMcqz_Z9-f18R4AaABAg,Hassim Fahd,2 days ago,1531936227439,"Why he against the migration, yes it is true we want to keep migrating to the Slav and Anglo country and take all your land and women and punch you out with a cheap shot free of charge. Just joking.",1,false,0,,,,,,
UgzKdUjtuscZdupyMUl4AaABAg,Neil Roberts,2 days ago,1531936227447,how can he publicly condemn Russian election meddling when none happened ?,0,false,0,,,,,,
Ugw9q5z5ag_YTQw_LXp4AaABAg,Mohammad Doofesh,2 days ago,1531936227451,"ÿ•ŸêŸÜŸëŸé ÿßŸÑŸëŸéÿ∞ŸêŸäŸÜŸé ŸÉŸéŸÅŸéÿ±ŸèŸàÿß ŸäŸèŸÜŸíŸÅŸêŸÇŸèŸàŸÜŸé ÿ£ŸéŸÖŸíŸàŸéÿßŸÑŸéŸáŸèŸÖŸí ŸÑŸêŸäŸéÿµŸèÿØŸëŸèŸàÿß ÿπŸéŸÜŸí ÿ≥Ÿéÿ®ŸêŸäŸÑŸê ÿßŸÑŸÑŸëŸéŸáŸê ŸÅŸéÿ≥ŸéŸäŸèŸÜŸíŸÅŸêŸÇŸèŸàŸÜŸéŸáŸéÿß ÿ´ŸèŸÖŸëŸé ÿ™ŸéŸÉŸèŸàŸÜŸè ÿπŸéŸÑŸéŸäŸíŸáŸêŸÖŸí ÿ≠Ÿéÿ≥Ÿíÿ±Ÿéÿ©Ÿã ÿ´ŸèŸÖŸëŸé ŸäŸèÿ∫ŸíŸÑŸéÿ®ŸèŸàŸÜŸé ŸàŸéÿßŸÑŸëŸéÿ∞ŸêŸäŸÜŸé ŸÉŸéŸÅŸéÿ±ŸèŸàÿß ÿ•ŸêŸÑŸéŸâ ÿ¨ŸéŸáŸéŸÜŸëŸéŸÖŸé ŸäŸèÿ≠Ÿíÿ¥Ÿéÿ±ŸèŸàŸÜŸé 
36. Verily, those who disbelieve spend their wealth to hinder (men) from the Path of Allaah, and so will they continue to spend it; but in the end it will become an anguish for them. Then they will be overcome. And those who disbelieve will be gathered unto Jahannam.",0,false,0,,,,,,
Ugy3UiAQQB_Ev9e7R194AaABAg,Robert Hawkins,2 days ago,1531936227459,Fuck trump! Fuck Putin! Fuck this place! Out.üñï,0,false,0,,,,,,
UgzDuC94Sv2z38JtJp54AaABAg,Yas Hamdi,2 days ago,1531936227463,Loud woman yelling at the end. Shut up bitch,0,false,0,,,,,,
UgxduEqA3JVJ-QGorh54AaABAg,Kalash Operator,2 days ago,1531936228956,Liberals are foaming out the mouth. There‚Äôs enough foaming to put out California‚Äôs wildfires,0,false,0,,,,,,
UgySQoOBXuLe23kkwzx4AaABAg,Jack Daniels,2 days ago,1531936228965,"Putin: Go ahead, tell them your name
Trump: My name is reek",0,false,0,,,,,,
UgywHPLlNlEWe3ndTHl4AaABAg,380stroker,2 days ago,1531936228969,"Trump is doing exactly what I like.  That's why I voted for him.  If anything, he's too soft on the fake news media.  He needs to step it up.",2,false,0,,,,,,
UgxxUCjeaNnZ6qYtvpB4AaABAg,Hgktkd Jdhbvso,2 days ago,1531936228978,Why do I have to watch RT to see unfettered footage and non parsed clips... From America we support PEACE and love our Christian Russian brothers.,0,false,0,,,,,,
UgxRgoNv1bU7eq8H5rl4AaABAg,David Wong,2 days ago,1531936228985,"Mr. Trump, you can lie to US public but you can‚Äôt take back or change your ‚Äúwords‚Äù that you gave to President Putin! Because President Putin is not a fool like you ! üòÇü§£üòÇ",0,false,0,,,,,,
UgwIlir9uDIqkKv-WNJ4AaABAg,User TAB,2 days ago,1531936228991,It's getting more and more interesting by the day.,0,false,0,,,,,,
UgzaaCmjl61zPJioyo14AaABAg,bubbahubba,2 days ago,1531936228998,"Frauds and more Ponzi Schemes. Oh and a very very fake President just like the all the past ones. 

Clowns.",1,false,0,,,,,,
UgxeiqwQUowgy9-2QDh4AaABAg,Petra josip,2 days ago,1531936229015,Trump obviously colluded with Putin and Russia. Its so obvious that even an idiot can see this and Mr. Mueller is no idiot and he's just crossing the t's and dotting the i's before he indicts and condemns Trump and Putin.,1,false,0,,,,,,
UgzXRKyLOnKV34S2zBZ4AaABAg,Kata Semut,2 days ago,1531936229023,Now that Trump and Putin are buddy buddy...those warmongering Western European countries shud get the fuck out as far far away from Ukraine borders or be crushed by Mother Russia.,0,false,0,,,,,,
UgyKTQRxMsEXuGLN5AF4AaABAg,Soj. H,2 days ago,1531936229033,"There is no reason we don‚Äôt want to have a good relationship with Russia.  Remember there is a third superpower, China, in the world.  Globalists who control the media just want to get even richer lending money to countries in wars at the cost of innocent lives.",0,false,0,,,,,,
Ugy1tVuOxPI8C95lLg94AaABAg,Ishe Boge,2 days ago,1531936229039,"Maybe we should all just admit the fact that peace would crash the economy for the 1%.  Even getting it in writing via a transcript doesn't seem to help apparently ......   ""Peace works best with a strong [military] economy"" business as usual.",0,false,0,,,,,,
UgyxQnUGkmLR_vGZogB4AaABAg,bill frost,2 days ago,1531936229049,"if nothing else it should be real clear to anyone with half a brain there's more than one power at play other than trump at running things , what a shark infested shit pit this political arena is ............",0,false,0,,,,,,
Ugzptui4jwW4vYd_vvp4AaABAg,There is nothing permanent except change.,2 days ago,1531936229058,Fuck youtube for deleting my comments go fuck yourself CUNTS.,0,false,0,,,,,,
UgzSmYimd0J0vlt0k7p4AaABAg,X ShockWaveAMG,2 days ago,1531936229067,"what animal is that hair from, I want one",0,false,0,,,,,,
Ugzr-U0SfCV4CD-NVe94AaABAg,J Carter,2 days ago,1531936229070,"Stupid gringos, they feel shame and shame when they want to subdue all the countries of the world, as if they were their subjects and lackeys, as they are of the zionist lobby, who are the ones behind the US politics ...",2,false,0,,,,,,
Ugw-iFkRHhTxI2ndkpl4AaABAg,Secular Progressive,2 days ago,1531936229080,Anti-Russia propaganda is at drastic levels in the US media,2,true,3,,,,,,
,,,,,,,,Ugw-iFkRHhTxI2ndkpl4AaABAg.8ipNuaU_po68irM2CEoZMs,Valich,1 day ago,1532022629389,"Secular Progressive 
Trump is so afraid of Putin and his super-powered nuclear weapons... the media doesn‚Äôt get it!!",0
,,,,,,,,Ugw-iFkRHhTxI2ndkpl4AaABAg.8ipNuaU_po68irOgUkgCf4,Secular Progressive,1 day ago,1532022629391,Valich You‚Äôre missing the severity here. The US terrorist state wants full out war with Russia and they propagandize to their citizens in an effort to make them more militaristic,0
,,,,,,,,Ugw-iFkRHhTxI2ndkpl4AaABAg.8ipNuaU_po68irqgSHTXEm,Valich,1 day ago,1532022629400,"Secular Progressive 
Thanks!! Yeah I see your point..",0
Ugw0XY_YHWQbDzs6yjZ4AaABAg,Mario Spiros,2 days ago,1531936229089,"Let me call it how it is, no one win the nuclear war so better for world peace if they get along.",0,false,0,,,,,,
UgwbTah9sdVX72Dr2m14AaABAg,Hassim Fahd,2 days ago,1531936229093,booooo Trump booooo Putin,0,false,0,,,,,,
UgxSvEzpHSRyvVh-NvR4AaABAg,TheProBush,2 days ago,1531936229101,"Putin Trump n Xi...
Rulers of the New World....",0,false,0,,,,,,
Ugxvhyu9yFYEbUy-Ekl4AaABAg,Atom Knows,2 days ago,1531936229106,"You have to love his choice of keywords, (See the origin)
Trump: We met with the Queen who is Absolutely a Terrific Person,
Absolutely  = unconditionally, completely
Terrific = ""Frightening,"" from Latin terrificus ""causing terror or fear, frightful,
Person = originally ""a mask, a false face,"" such as those of wood or clay worn by the actors in later Roman theater. 1:05

Trump: we walked in front of the Under Guard that was very inspiring. 1:14
under guard - being protected or being prevented from escaping.",2,false,0,,,,,,
UgyHKLUce15WpVu9zYN4AaABAg,Sir Alfred Lawrence,2 days ago,1531936230153,Democrats only care when it's white foreigners meddling in our elections when it's minorities such as the millions of illegal foreign Nationals living in our country they couldn't care less. When they're politicians push Democratic groups for policies that benefit Mexico no one cares.,0,false,0,,,,,,
UgzgpIYA5qWxx_lkfOB4AaABAg,Goerge T,2 days ago,1531936230157,The world needed Trump to save the hundreds!,0,false,0,,,,,,
UgxGnTmvcccEwrkwX3B4AaABAg,Alaia Chang,2 days ago,1531936230165,#TRUMPINDANGER #PROTECTTRUMP,0,false,0,,,,,,
Ugzk5A_5WlCqCQ4WD_t4AaABAg,HeySup4K,2 days ago,1531936230172,Russia should be world's leader not usa.,0,false,0,,,,,,
UgycvHT4_aqQ9purqft4AaABAg,Morris,2 days ago,1531936230177,Really ironic how all the Trump supporters are on a Communist supported YouTube page.. COMMUNIST sympathizers and Traitors all of you!,1,true,1,,,,,,
,,,,,,,,UgycvHT4_aqQ9purqft4AaABAg.8ip864Rh6C_8ipDVRUq2e4,Omnipresent Baguette,2 days ago,1531936230704,"Morris RT is more tsar like then commie
The commie would be msnbc",1
Ugw_MxH5ygxda4dP60J4AaABAg,Star Top,2 days ago,1531936230187,"Isnt Trump trying to make America Great??? So if the Russians ""helped"" Trump win the election, that means that the Russians also want to make America Great as well. GO RUSSIA!!!! GO TRUMP!!!!",0,false,0,,,,,,
UgzHCStL8f7uENltZ9J4AaABAg,Luis Betancourt,2 days ago,1531936230193,I support Trump for not Blaming Russia for crooked Hillary Clinton LOSING!  #LockherUp #BernieBro üíØ,4,false,0,,,,,,
UgxeUrwX1oSU4QN8yUl4AaABAg,Star Top,2 days ago,1531936230199,GOD BLESS RUSSIA!!! Thank you RUSSIA for protecting Syria and Iran.,1,false,0,,,,,,
Ugw6Jk2rae14gSISUZ54AaABAg,yojimbe1,2 days ago,1531936230209,Sad to say but Trump is a Zionist puppet.  Any influence the Russians might have had pales in comparison to the meddling of Zionism in our political system.,3,false,0,,,,,,
UgwDdPzxdlmjsqSLro14AaABAg,gotip58,2 days ago,1531936230216,"Sorry Putin - Trump is taking back the bone he threw you... LMAO

TRANSCRIPT: Trump backtracks on Russia comments
 the sentence should have been: I don't see any reason why it wouldn't be Russia. Sort of a double negative.

So you can put that in, and I think that probably clarifies things pretty good by itself.

I have, on numerous occasions, noted our intelligence findings that Russians attempted to interfere in our elections. Unlike previous administrations, my administration has and will continue to move aggressively to repeal any efforts -- and repel -- we will stop it, we will repel it -- any efforts to interfere in our elections. We're doing everything in our power to prevent Russian interference in 2018. 

https://www.cnn.com/2018/07/17/politics/trump-backtracks-russia-remarks-transcript/index.html",0,false,0,,,,,,
Ugwm7FO7WAzpU2O08e54AaABAg,doubleGi,2 days ago,1531936230221,"the enemy of usa isn't Russia, it isn't EU, it isn't China. The enemy has a god that says your heads should be chopped off if they have the upper hand.",0,false,0,,,,,,
Ugz_s7VqT-Bxuz1Hyd14AaABAg,gotip58,2 days ago,1531936230231,"LMAO

How Putin and Trump Each Lied in Helsinki
https://www.newyorker.com/news/our-columnists/how-putin-and-trump-each-lied-in-helsinki",0,false,0,,,,,,
UgwRdfLUVmyz_yUOnOl4AaABAg,Chris Di Dios,2 days ago,1531936230235,As a centrist I don't see what Trump did wrong? Any person with an I.Q over 80 would've understood what he said and the tone in which it was delivered. Get lost radical left media.,9,true,2,,,,,,
,,,,,,,,UgwRdfLUVmyz_yUOnOl4AaABAg.8ip3A3tOvv_8ipDQfJ69n5,Omnipresent Baguette,2 days ago,1531936230567,I know right,2
,,,,,,,,UgwRdfLUVmyz_yUOnOl4AaABAg.8ip3A3tOvv_8ip_INvCU8t,Scott Johnston,2 days ago,1531936230572,"The MSM isn't actual liberal. They may be socially liberal, but they smear anti-war and pro-worker progressives, and are full- on warmongers...",3
UgwAh2yn3tYfzDTfgRt4AaABAg,Will,2 days ago,1531936230253,Trump pivots again!,0,false,0,,,,,,
UgzZbCNb0qfhHkQEjwZ4AaABAg,Will,2 days ago,1531936230257,Trump is a moron elected by morons!!!,1,false,0,,,,,,
UgwYJMmJVzO9EEUXhDh4AaABAg,neonyx22,2 days ago,1531936230266,"Peace through strength, Or oppression?",0,false,0,,,,,,
UgzTvlu6TeZ7Z5m47ll4AaABAg,Papi Crema,2 days ago,1531936230274,"Trump says : if you can't beat him, join him..",1,true,1,,,,,,
,,,,,,,,UgzTvlu6TeZ7Z5m47ll4AaABAg.8iozbltjW658iq-YivPpnp,Papi Crema,2 days ago,1531936230590,INDEPENDENT INDEPENDENT cooperating with Putin is like cooperating with the devil.,0
Ugy-6uM7STsVeH5XDiZ4AaABAg,Tommi Sali,2 days ago,1531936230284,SUOMI TORILLA TAVATAAN,0,false,0,,,,,,
UgxbRimAo3sBdRvDxuJ4AaABAg,Sofian,2 days ago,1531936230288,"He's a joke, what I want to know is who are the people writing his papers, who's really in charge.",0,false,0,,,,,,
Ugwq5weLKkhk2zMsNpp4AaABAg,Jimbo Jones,2 days ago,1531936230297,"Yay! Trump now has 2 things to talk about! Putin, and the 2016 election.",0,false,0,,,,,,
UgyzBB0-1mf77EiVNt14AaABAg,albie071,2 days ago,1531936231396,The alphabet agencies are completely out of control. The President does not have any control on them. Try finding out where they spend the money tax payers give them.,0,false,0,,,,,,
UgwHVBgyDEZzGCWPpCF4AaABAg,albie071,2 days ago,1531936231402,"Somebody forgot to pay the electricity bill lol.
I don't like trump much, but he did his job when he finally met with Putin.",2,false,0,,,,,,
UgwMVmVh9L_vh9dSflN4AaABAg,gord oland,2 days ago,1531936231408,Must of been a great summit since the demon Madeline Albrite came out of her cave to speak out against Trump & Putin!,0,false,0,,,,,,
UgzjRH1ak8LPVG3WH9Z4AaABAg,TectonicTsunami,2 days ago,1531936231416,Trump got back to Washington DC and straight away he started backtracking and shitting on Putin = never trust the yanks.,1,false,0,,,,,,
UgzJigI_vgufgfwTwWB4AaABAg,Veracity North,2 days ago,1531936231420,Trump will be found guilty of treason very soon. Trump's a lying traitor.,1,false,0,,,,,,
Ugympx5JOE6MyG5ZTr14AaABAg,Author of my own thoughts,2 days ago,1531936231429,"Trump please do not back track like this again you said a doulble neg. well a doulble neg comes out positive any ways. It's like you said Hillery and all those supporting her which are a great deal of our intelligence they are criminal they are corrupt.   She destroyed evidence she should't have. Her email server has been blocked from your scrutiny and that is not right. We as a country ,mind you while under horrible leadership trashed out the leadership of various countrys in the middle east and what hiller did there, her an Obama is obscene. Also her hand in venezuela has led to pure crimes against humanity; and the work they did in honduras is just wrong. America has for years decided who we wanted in power in various nations.It's got to stop! people need to elect their own gov. and work with them free of  out side influence. I pray for your protection and a strung but resilient backbone. Keep at it you only succeed by keeping at it. I am proud of my president.",0,false,0,,,,,,
UgybX7-kwrzmYppw_hB4AaABAg,couldbey,2 days ago,1531936231431,Trump is the man,4,false,0,,,,,,
Ugxy-zvsLxSqrKkbXA14AaABAg,Z Z,2 days ago,1531936231441,Hope his knees do not hurt too much after Helsinki...,0,false,0,,,,,,
UgxLq6aMvrQnq5DROUF4AaABAg,warezone123,2 days ago,1531936231445,Yeah OK sure...lol,1,false,0,,,,,,
UgyZOjoHngn7U2Ew2K14AaABAg,M Skallywagg,2 days ago,1531936231453,"Cadet bone spurs loves a dictator, as he would love to be one, and this ass saying people should pay what they owe is ""pot kettle black"" after that all I hear is blah blah blah blah blah blah blah blah",0,false,0,,,,,,
UgxC8Y10i6AXyq2rj1t4AaABAg,Z Z,2 days ago,1531936231457,"Hahahahaha! That's the funniest shit I ever heard! Yeah, this was a very small absolutely insignificant correction - 'would' or 'wouldn't' - no big deal... -   like 'yes' vs 'no' - basically the same shit, right? Lol.",0,false,0,,,,,,
Ugxx2AGECXFWxCXwNqN4AaABAg,Sidious1,2 days ago,1531936231466,Fuck Trump,1,false,0,,,,,,
Ugxc0TlwEKFEWAjTicx4AaABAg,Warren Eiseburg,2 days ago,1531936231469,"The Left-wing Socialist fake news, the obstructionists Democrats, and the never Trumpers  are in for a rude awakening in November. Getting it dun with MAGA!! Trump 2020",1,false,0,,,,,,
UgyxdML5w430agKVbs14AaABAg,Timothy Janssen,2 days ago,1531936231477,"I am absolutely no Rump fan. However, he is our President and I welcome his efforts to improve relations with Russia. The hysteria we see from the lamebrain media and the neoliberals in Congress is beyond the pale. They apparently would rather risk World War III than work with the capitalist (not communist) nation of Russia to improve relations and work together in cooperation. Like it or not, he is our legitimately elected leader and we must hold the utmost respect for the office if not the man. And, Russia is not our enemy. The enemy lies within.",1,false,0,,,,,,
UgyK9JCD7X3912aAx7R4AaABAg,Mohican D,2 days ago,1531936231482,"OOH MY .......lots of Russian haters here. 
Orange baby Trump and Putin are both politicians,  PEOPLE. 
They are saving Israhell, not America first, Israhell Is first !
Zionism Is working  !",2,false,0,,,,,,
Ugwf8XXj7XUjq9l0dpJ4AaABAg,Jasen Jahn,2 days ago,1531936231490,"Okay. He couldn‚Äôt say this in front of putin. Congress, it‚Äôs time for harsh sanctions.",0,false,0,,,,,,
Ugw5pxAY-HMazaU5VoJ4AaABAg,cosy murx,2 days ago,1531936231499,"Putin = Pitbull
Trump = Chihuahua",0,false,0,,,,,,
UgyWAwqDUtitCP186N94AaABAg,F A,2 days ago,1531936231502,"Trump is a GROWN MAN and if he wants to meet with Vladimir Putin, let him! He has the right.

Talking and dialogue is a good way to improve relations!",13,false,0,,,,,,
Ugw0ZSmwQvBrvKgtbkR4AaABAg,F A,2 days ago,1531936231512,"Trump should release his tax returns froim the past 10 years, stop seperating children from their parents, stop fighting with everyone in twitter, treat his wife with much respect and lover and have better relations with Russia.",3,false,0,,,,,,
Ugx3Q3o4lGavdqTtm2h4AaABAg,Kat Rivers,2 days ago,1531936231516,GREAT job President Trump. Don't let the lying drama queens slow you down.,6,false,0,,,,,,
UgygaKv3pB0MxWGmtzx4AaABAg,Jeremy Vajko,2 days ago,1531936232450,This is Russian funded news in the top of youtube trending,0,false,0,,,,,,
UgyQBBRktESit9C0GkR4AaABAg,Jeremy Vajko,2 days ago,1531936232459,"RT is funded by the Russian Government. Please be aware that they will specifically highlight points that will further their own interest. Russia and other autocrats are the very opposite of democracy, and have been fighting against democratic initiatives throughout history, including Western society.",0,false,0,,,,,,
UgxG6u3F6JBifKDZYhd4AaABAg,MFB,2 days ago,1531936232463,"The decrepit deep state offers no light or wisdom to this world, just separation, fear and killing AND their power and control. They own the MSM.",0,false,0,,,,,,
UgwoPhsNXkxnBeYVdZB4AaABAg,Ralph Crandon,2 days ago,1531936232472,Chump is Putin's pussy boy,0,false,0,,,,,,
UgyJAQNg9haWEuMUwel4AaABAg,My Friends,2 days ago,1531936232479,It's time for peace between the United States and Russia!     Trump 2020,17,false,0,,,,,,
Ugyd4My9eL_PNgimz6N4AaABAg,Joel Torres,2 days ago,1531936232484,TRUMP IS PUTIN'S BITCH,0,false,0,,,,,,
UgzMoRpeIzEspqNWElN4AaABAg,Seanus32,2 days ago,1531936232491,It didn't take this prick long to do a U-turn.  Donald the Douche needs to get out of office ASAP.  He's mentally unstable!,0,false,0,,,,,,
UgwRJGILOtZykEwlQMd4AaABAg,Pete fromtheIsland,2 days ago,1531936232495,"American intelligence agencies....whahahahahaha oxymoron, what a joke!",4,false,0,,,,,,
UgwZpcrMzBkC7X7xvg54AaABAg,Imja Familija,2 days ago,1531936232505,"is it a theater stage ? Nice puppets ! 

seriously, it's so unnatural, you can feel Trump is under pressure, someone above pulls the strings of manipulation, Trump must justify himself to change public opinion.

And your intelligent agencies were wrong, where are facts or solid material about hacking ? Until now nothing comes out, just speculation, loud accusation without proof. 

ok let's say they were involved in election somehow :
- 1. that means your impenetrable cybersecurity is shit 
- 2. involved ok, but how and why and for what ? maybe it's something else ? Maybe you just found a russian hacker IP who tried to steal a ticket for a ceremony, to participated on a gala (i'm joking of course) 
Nothing concrete, but still loudly firmly accusing people....

Saying ""both made mistakes"" is more diplomatic, open-minded,  he stepped forward, avoided the conflict, and tried to make better relationship, can we call it a ""treason"" ? no, it's stupid.... 
You expected what ? insulting and accusing each other at Helsinki, what a great meeting it would be.

you are narrow-minded and still live in cold war",0,false,0,,,,,,
UgwswmYAm0UABsKULah4AaABAg,Brittney K01,2 days ago,1531936232515,CLEAN UP IN ISLE 1600! Nappy change needed! üòÇü§£üòÖü§™,0,false,0,,,,,,
UgwbGzOarns9Soo--W14AaABAg,Maude Stephens,2 days ago,1531936232518,https://www.jw.org/en/news/jw/region/russia/first-witness-couple-imprisoned-20180713/,0,false,0,,,,,,
Ugysjq2mCkspoGji5hl4AaABAg,Albus Regnum,2 days ago,1531936232527,Fuck nato,0,false,0,,,,,,
Ugxwm60UiI1Fj8FqJiB4AaABAg,Be Nice,2 days ago,1531936232536,You're A FAKE PRESIDENT,0,true,1,,,,,,
,,,,,,,,Ugxwm60UiI1Fj8FqJiB4AaABAg.8ioijRa7RN18iolzSS9wNK,MFB,2 days ago,1531936232917,To fake a limited ego this is true.,0
UgzKd4yj5aKbuGjORP54AaABAg,Pete fromtheIsland,2 days ago,1531936232543,Wow Trump really told Putin off.  I was feeling so sad and sorry for Putin...ha ha ha.,2,false,0,,,,,,
Ugww3MB-yBaixSCRiRx4AaABAg,Hakapik,2 days ago,1531936232552,"Fucking piece of shit cant backpedal out of being a traitor to the united states. If he conducted the meetings, etc, that he and his fucked family were involved in 50 years ago they WOULD HAVE BEEN CHARGED with treason against the united states.",0,false,0,,,,,,
UgzvI3T7RLPR4xG2Pe94AaABAg,Mel H,2 days ago,1531936232558,Says the Russian spy. Trying to backtrack.  Lying piece of shit.,0,false,0,,,,,,
UgyW9uPdFSQJh8MLGkR4AaABAg,MrCapi55,2 days ago,1531936232565,Very Good. Let`s pray for the understanding and cooperation. Great also what Mr. Brady told about the reinforcement of middle class and small business. Those were pillars of the US economy and the middle class is dying in so many countries.,1,false,0,,,,,,
Ugx4RD77eSzT-2NEkPV4AaABAg,pat smith,2 days ago,1531936232574,It is a wise decision to be on good terms with a nation that has the world's largest nuclear arsenal.,3,false,0,,,,,,
UgyDeI3FHXdIEECITLh4AaABAg,Lamar Passmore,2 days ago,1531936232581,Martin Luther King Jr meddled in U.S. elections which got him assassinated by an Uncle Tom. Putin as well as MLK never even voted never even paid for votes. Jeh Johnson of the DHS said these theories/speculations/assumptions/conjectures aren't true. So which influential per$on$ are #Warmongering ? It's illegal to shout/scream fire in an occupied theatre when in factuality there isn't.,0,false,0,,,,,,
UgwbVsVTfRTq4R-Y5xh4AaABAg,H Pn,2 days ago,1531936232587,I'm glad he got more to pay.,0,false,0,,,,,,
UgyJ9unHsPIkn_b-ej14AaABAg,Casey Bowman,2 days ago,1531936233955,"Our special relationship?  Type in: Lysander Spooner - Constitution of no authority, no treason., American officials holding dual citizenship.,Talmud.  enjoy",0,false,0,,,,,,
Ugy_RSI0hs6Jdu7Fu-F4AaABAg,Nina Jefferson,2 days ago,1531936233960,"Putin's x'mas speech 
altered w/ video from 
Black Pilled. Plz watch.
https://youtu.be/hJdxNEgWirM",0,false,0,,,,,,
Ugy75oIzKlDuwHrfuBZ4AaABAg,sloopy skates,2 days ago,1531936233965,Stop hating on someone trying to save everyone from the socialist globalist.  Soros Hillary and Obama and the corrupt DNC,1,false,0,,,,,,
Ugyjx4aqlmt7F-tdcTd4AaABAg,Marc1142 8,2 days ago,1531936233973,"You will lose your testicles for the rape of PRISCILLA. Donald Trump.
So also will your sons.


Dazzle me with brilliance or try to bullshit me.

You cannot bullshit a bullshiter.


Your balls are coming off.
Period.",1,true,1,,,,,,
,,,,,,,,Ugyjx4aqlmt7F-tdcTd4AaABAg.8iogz7zmaFJ8iohIVZV67n,game –í–∞—è–∫–∞,2 days ago,1531936234437,"sorry, but 3 world war? Normal summit",0
UgzfbrRLM-N9o4jvaB14AaABAg,Qm,2 days ago,1531936233981,"my view on all this is that he is trying to avoid The Simpsons scenario of bankruptcy for next elections, scenario that deep state will try to push through Chinas government ....so he is trying to approach through the back door;)",0,false,0,,,,,,
UgwHM2FF0uXDk3tQj2p4AaABAg,king lion,2 days ago,1531936233988,"3:25 this was a warning from God!
God protect President Trump!",13,true,2,,,,,,
,,,,,,,,UgwHM2FF0uXDk3tQj2p4AaABAg.8iog0odqp8n8iogy25nblz,We the people,2 days ago,1531936234455,Great discernment King Lion,0
,,,,,,,,UgwHM2FF0uXDk3tQj2p4AaABAg.8iog0odqp8n8iqD7rSLE04,Hawkzblade,2 days ago,1531936234462,"he wont be protected from the bullet
#deadmanwalking",0
UgyiY21TqSsDJnVGA3J4AaABAg,Jacob Walls,2 days ago,1531936233997,I like Putin....Putin it in that ass....haha,0,false,0,,,,,,
Ugz24OIpkg_oSoqvaMl4AaABAg,v8 dave,2 days ago,1531936234004,I Would Never Trust an American EVER...Russia/China take these American Assholes on ...Lets Nuke EM,0,false,0,,,,,,
Ugz1bwL9Ev6KOqy43Zt4AaABAg,bilimage,2 days ago,1531936234014,"The situation in USA is so pathetic... Pathetic president, Pathetic congres, pathetic corporate media... And they are leading the world into a pathetic futur...",0,false,0,,,,,,
UgxtkskUerJjyPJdCd54AaABAg,Future Sight,2 days ago,1531936234026,3:30 Full Faith that God doesn‚Äôt like fibbers Mr. President but I understand that you got to play the game,0,false,0,,,,,,
UgxpjDnn6hF21_fHbp54AaABAg,Future Sight,2 days ago,1531936234033,3:30 Full Faith that God doesn‚Äôt like fibbers Mr. President but I understand that you got to play the game,0,false,0,,,,,,
UgwJmhQsK0TSQ2Q4m0t4AaABAg,Solo Traveler,2 days ago,1531936234037,I knew it. The media's orchestrated outrage is fake!,0,false,0,,,,,,
UgxzLm2K3Io8eVHfZaB4AaABAg,j valenz,2 days ago,1531936234045,Dumbold tRUMp PUTOinS BITCH,0,true,1,,,,,,
,,,,,,,,UgxzLm2K3Io8eVHfZaB4AaABAg.8ioeIqaoYWx8ipKrSDqiuh,Giovanni Gentile,2 days ago,1531936234422,j valenz üñïüñïüñïüñïüñï,0
UgypObSoEgWQGt2Ym6B4AaABAg,Sarah Mia,2 days ago,1531936234054,I love PRESIDENT PUTIN. President üçäGot Played like a Flute.  Putin2020.MOTHER RUSSIA üò≤,0,false,0,,,,,,
UgzJYo4FYuMO4WX2kC54AaABAg,Andrew Zebrun III,2 days ago,1531936234059,Evil is getting removed from Earth~! #Qanon #NoNWO,1,false,0,,,,,,
Ugw2VeGzMpMy04RlIPt4AaABAg,Draco04,2 days ago,1531936234067,Awwwww he finally got to see his boyfriend. I wonder who paid for the date...,0,true,1,,,,,,
,,,,,,,,Ugw2VeGzMpMy04RlIPt4AaABAg.8iodz-Z5E4B8ioplyKo2GY,lee isaac,2 days ago,1531936234377,Draco04 get off the Donald's dick dude,0
UgyvPdns4aJZmRmS0mN4AaABAg,Zavi Zavi,2 days ago,1531936234072,Sat√°nberg,0,false,0,,,,,,
Ugx_BXbrvb1XXKS9O-N4AaABAg,jeek,2 days ago,1531936234080,Trump is smarter than any republicans or democrats in USA !,11,false,0,,,,,,
Ugw-H-9ay4sdPWaYzOp4AaABAg,Tracy Crawford,2 days ago,1531936234085,I think even Putin is surprised at how well this all worked out. Putin/Trump 2020.,6,false,0,,,,,,
UgyBWYHIecQzTEa581V4AaABAg,DAR Ter,2 days ago,1531936234091,Waste of money,0,false,0,,,,,,
UgwCo6oaVzPv9YxXi794AaABAg,Pamela Melvin,2 days ago,1531936237371,"Does this LIAR IN CHIEF think we are stupid???  We can see very clearly thru his LIES since everything is captured on videos.  Thus, the media is only showing/reporting exactly what YOU, YOURSELF are saying and doing.  PATHETIC piece of inhumanity!!!",1,true,4,,,,,,
,,,,,,,,UgwCo6oaVzPv9YxXi794AaABAg.8iodKJLN-RK8iofFofV3K5,Nate Mauratt,2 days ago,1531936238013,Pamela Melvin is it lonely in your bubble?,0
,,,,,,,,UgwCo6oaVzPv9YxXi794AaABAg.8iodKJLN-RK8iolpMPJC58,MFB,2 days ago,1531936238023,She talks to door knobs more often.,0
,,,,,,,,UgwCo6oaVzPv9YxXi794AaABAg.8iodKJLN-RK8iomuUMSwi3,Pamela Melvin,2 days ago,1531936238031,Nate Mauratt No it ain't!!!!,0
,,,,,,,,UgwCo6oaVzPv9YxXi794AaABAg.8iodKJLN-RK8iouuenbb_I,Pamela Melvin,2 days ago,1531936238038,MFB wake up!!!,0
UgzguOB450HBKW3-Cwt4AaABAg,Lady Death,2 days ago,1531936237384,Wow..your heads are still so far up trumps huge ass that you really did not just see and hear how he praised a killer and denounced America?!.. You fucking wackos need to be exterminated along with your orange daddy!!!,0,false,0,,,,,,
UgxZSYBxxh_cjV95i2l4AaABAg,Error 404,2 days ago,1531936237392,"Putin couldve taken a shit on Tumps face and Trump wouldve said 'the relationship is better than it has ever been before""",1,false,0,,,,,,
Ugxn1a1QDvysn7YvCZZ4AaABAg,Julien Aerts,2 days ago,1531936237400,Russian propaganda video,1,false,0,,,,,,
UgwGNjme_sM0Vx7wyq14AaABAg,Vanya Lasagna,2 days ago,1531936237409,listen guys don't get too happy Donald Trump is a flip-flopper pay attention to every word he says if we we might get along Russia or we might not what happens when Syria gets bombed next time don't be fooled just remember another false flag in Syria is coming up Donald Trump just gave a lot of money to the white helmets so don't be too happy,1,false,0,,,,,,
UgzXWH6dQUHBEBTKsjh4AaABAg,Follow Jesus,2 days ago,1531936237415,"Acts 3:19 Repent therefore, and be converted, that your sins may be blotted out, when the times of refreshing shall come from the presence of the Lord.",2,true,1,,,,,,
,,,,,,,,UgzXWH6dQUHBEBTKsjh4AaABAg.8iochurrMV78iohcDvaiYw,Monkismo,2 days ago,1531936237959,Follow Jesus did a talking snake tell you that?,0
UgwhF7BiiNJCqDt2-gJ4AaABAg,Dan‚Ä¢M,2 days ago,1531936237426,Yay since we not paying for other countries defense bill we still need to increase our defense budget by $16b next year instead of dropping it to $500b total and using that extra $216b for for education and making the next generation of America some of the smartest people on the planet.. the education of future generations that will run this county is almost as important as defense in my opinion,0,false,0,,,,,,
UgwbaKRuKKrYNnXwGdJ4AaABAg,Apache 247,2 days ago,1531936237434,Trump doing a good job....I love it make America great again.. and Americans first....üá∫üá∏üëçüëçüëç,4,false,0,,,,,,
UgyoTEN031S6kksjT5x4AaABAg,Unlucky ihavenocash,2 days ago,1531936237443,Notice how he covers his chest when the lights go out... heart attack gun ü§®,0,false,0,,,,,,
UgwuYZwmJWunQMW9T8h4AaABAg,waffle man 1,2 days ago,1531936237450,"RT is funded by russians
LOLLLLL",0,false,0,,,,,,
UgyB5naFABwGoO2RkRV4AaABAg,RobertMStahl,2 days ago,1531936237456,"Try understanding 
Laz Escenaro 
You don't try, do you? 

Mossad! 
ISRAEL IS BOMBING 
MADLY
MADLY
BOMBING PALESTINIANS 
WHORES
Right, now!
WHERE IS any intelligence ?????
The ACTING Security Council, Satan before Jesus? Geez.
Lies
SkyScythe1
AT&T is Pinocchio
Red is red
Starvation around the corner, really?",0,false,0,,,,,,
UgzaO2j-9VaqJrYf-A14AaABAg,Unlucky ihavenocash,2 days ago,1531936237466,He‚Äôs making all the right moves... but I‚Äôm cautious,0,false,0,,,,,,
UgwvNlp-7LPjigpJtsl4AaABAg,The Impaler,2 days ago,1531936237471,"If Russia had any evil intentions toward the u.s., they would've allowed Hillary Clinton to win. 
  She and her evil empire would surely have led america into war with russia,  and the u.s. would've been destroyed. 
Putin is doing everything in his power to avert world disaster, and humanity owes him a big debt of gratitude.",39,true,6,,,,,,
,,,,,,,,UgwvNlp-7LPjigpJtsl4AaABAg.8iobjR9jDHm8iofdNhCRj2,Sammy Taylor,2 days ago,1531936238260,The Impaler putin is a ex-KGB spy! He played dump on the world stage for this clown to bash our intelligence agencies and defend Russia on the world stage Putin has something on this man who knows Putin's probably got the nuclear codes by now. I hate Hillary but this man here is a treasonous lying bastard,2
,,,,,,,,UgwvNlp-7LPjigpJtsl4AaABAg.8iobjR9jDHm8iopgQiReK5,William Bravo,2 days ago,1531936238264,The Impaler LOL. You suck at trolling.,4
,,,,,,,,UgwvNlp-7LPjigpJtsl4AaABAg.8iobjR9jDHm8iozmroLrXb,Bodhi,2 days ago,1531936238272,Us would be destroyed lol? What about russia you troll,1
,,,,,,,,UgwvNlp-7LPjigpJtsl4AaABAg.8iobjR9jDHm8ip0cMO6HXz,Chris Petets,2 days ago,1531936238276,Destroyed haha you can try slavic nigger,0
,,,,,,,,UgwvNlp-7LPjigpJtsl4AaABAg.8iobjR9jDHm8ipPH25zpFH,Andre DeL.,2 days ago,1531936238284,"Interesting how small your brain is? The  World is on the last edge, and these Presidents trying to solve this problems and save this civilization, massed up  by Obama, Clinton and their masters.",0
,,,,,,,,UgwvNlp-7LPjigpJtsl4AaABAg.8iobjR9jDHm8ipcNX0pkwt,Hgktkd Jdhbvso,2 days ago,1531936238290,Andre DeL. Preach brother Andre (waves hands religiously),0
UgyL0AizPuIQiV8G4up4AaABAg,Exitcoldwar,2 days ago,1531936237483,"We must be alerted by the serious fact that the Boers are forced to leave South Africa! And we should avoid ghetto forming, wherever in the world, and that‚Äôs why integration is so important!",0,false,0,,,,,,
UgxX0N45BkPQnw13CEh4AaABAg,Oliver,2 days ago,1531936237491,"All haters,  please think of all the dirty sick satanics pedos crimes.  About the hillary and all her friends  will be public knowledge!  And if you support them . Just think what people are going to think of you! I hope for your sakes,  it is not true !",8,true,4,,,,,,
,,,,,,,,UgxX0N45BkPQnw13CEh4AaABAg.8iobMtJRPRc8iojd-AD4ji,Hakapik,2 days ago,1531936238070,Hillary LOST the election dumbass... you can stop talking about her now. She is completely irrelevant and to chirp chirp her name like you dumbasses do only PROVES you are dumbasses.,0
,,,,,,,,UgxX0N45BkPQnw13CEh4AaABAg.8iobMtJRPRc8ipdHRWHhys,Hgktkd Jdhbvso,2 days ago,1531936238076,"It is true Oliver I am really computer wise and i knew about pizzagate and the disgusting satanic rituals her and hers were and are involved in, talking ritual infanticide, child sex trafficking, extortion,murder,treason,fast and furious program, direct dealings with drug cartels.",0
,,,,,,,,UgxX0N45BkPQnw13CEh4AaABAg.8iobMtJRPRc8ipdUTwzsNt,Hgktkd Jdhbvso,2 days ago,1531936238082,Hakapik she's a criminal we should indight her and people attached to her. Lots to see just dig and convict.,0
,,,,,,,,UgxX0N45BkPQnw13CEh4AaABAg.8iobMtJRPRc8ipdiOhsebP,Hgktkd Jdhbvso,2 days ago,1531936238091,"Hakapik if someone stole your car you'd call the police if someone kidnapped your child you wouldn't just let it go, so STFU criminals need to be held accountable.",0
UgzaGCh0DZTHVxF7mo54AaABAg,PARAMESWARA,2 days ago,1531936237503,Lol dickhead future terrorist as a president fuck murica .,0,false,0,,,,,,
UgxvZL1D019FVFgd9iB4AaABAg,Daryl Leckt,2 days ago,1531936237514,at this point there are patriotic americans and then there are trump supporters.,2,false,0,,,,,,
UgwZAL0RGXUODHwXBoR4AaABAg,Ramon Capinpin,2 days ago,1531936237524,"Trump is always RIGHT the foe of the Americans is not Russia but the European Union and their FAKE NEWS MEDIA APPARATUS...like CNN, FOX NEWS, ABC, CBS, NBC and even ESPN. The European Union is actually a CARTEL set up with the help of the GLOBALIST BILLIONAIRES who made their fortunes from the COMPUTER and INTERNET technology BONANZA who wants to control the ECONOMY of the world. These GLOBALIST had investments all over the world and they are very powerful because they have DIABOLICAL power.",10,false,0,,,,,,
UgysMFiEYGrsXAAoeZx4AaABAg,Ben Hartley,2 days ago,1531936237535,I wonder why he‚Äôs back tracking on his statement regarding Russian ‚Äúinterference.‚Äù Playing both sides maybe?,3,false,0,,,,,,
UgzPIjmRoY6t782KyVJ4AaABAg,Denis Duquette,2 days ago,1531936237543,Trump is very good at insulting people on twitter but does not have the courage to say it in front of people,1,false,0,,,,,,
UgwHO4DtCUVA_JxpRql4AaABAg,Israel Did 911,2 days ago,1531936239230,Lol! Listen to this shit head he's so stupid:) the jew poppet is out of control:),0,false,0,,,,,,
UgwiaxpT1CUm-VRk-JB4AaABAg,I Nochomo,2 days ago,1531936239235,JOHNNY GOSCH DIDN'T KIDNAPPED HIMSELF THE FBI SEX TRAFFICKERS CORRUPT POS TOOK HIM FOR GOV PEDORING!,0,false,0,,,,,,
UgwQdnYH9s-9uod2USZ4AaABAg,Neal Hagan,2 days ago,1531936239243,the line in the sand is clear.collaborators who side with treasonous trump against real american patriots.,1,false,0,,,,,,
UgymQt6e5-zz1JOnsB54AaABAg,Exitcoldwar,2 days ago,1531936239250,üá™üá∫üá∑üá∫üá∫üá∏üí™üëèüëç,3,false,0,,,,,,
Ugw7dhNPANFJhwFvqZJ4AaABAg,C.S. Goes Hard,2 days ago,1531936239256,"https://youtu.be/wlIXpR5UbCU
Breakdown of what actually happened at the Trump Putin Summit, the absurd social media hearing, and why James Brennan is so angry these days... Check it out and share if you dig... Cheers!",0,false,0,,,,,,
UgzriSKiCkIe8qLXFg54AaABAg,R A,2 days ago,1531936239264,You met with your Boss for your annual review. You‚Äôre the weakest man-child ever to occupy the White House.,5,true,1,,,,,,
,,,,,,,,UgzriSKiCkIe8qLXFg54AaABAg.8ioaGt4X7Ei8iodn_Er4bg,Ze Silva Carneiro,2 days ago,1531936239759,"R A weakest man child, that put North Korea to its knees. Sir you are mindless. You are suffering from trump derangement.",3
UgzvsLTzMHTK7peLOzN4AaABAg,Lena Romero,2 days ago,1531936239271,"Scary the evil ones are after you, God protect you president Trump.",62,true,17,,,,,,
,,,,,,,,UgzvsLTzMHTK7peLOzN4AaABAg.8ioaAPeoZTz8ioefP1jPii,SlimHooligan,2 days ago,1531936240142,Lena Romero wtf,6
,,,,,,,,UgzvsLTzMHTK7peLOzN4AaABAg.8ioaAPeoZTz8ioiGDFaOfC,Hakapik,2 days ago,1531936240149,Fuck off you dumb fuckstain. Go get punched in the face..,4
,,,,,,,,UgzvsLTzMHTK7peLOzN4AaABAg.8ioaAPeoZTz8ioikkmpvWF,One Piece,2 days ago,1531936240153,Lena Romero Russian troll,3
,,,,,,,,UgzvsLTzMHTK7peLOzN4AaABAg.8ioaAPeoZTz8iome3dd_3H,God Damnit,2 days ago,1531936240161,"Lena Romero 
Noice b8!",0
,,,,,,,,UgzvsLTzMHTK7peLOzN4AaABAg.8ioaAPeoZTz8iommtXfYXC,M Skallywagg,2 days ago,1531936240165,What a bellend,1
,,,,,,,,UgzvsLTzMHTK7peLOzN4AaABAg.8ioaAPeoZTz8ionYSvyYJQ,Christopher Hamill,2 days ago,1531936240173,"Russia if your listening SUCK MY BIG RED WHITE AND BLUE DINGUS  (DINGUS  = PENIS FOR YOUR TRANSLATOR) And the next REAL PRESIDENT   will run on bring your weak ass economy to its hands and knees, because your already on your knees, God forgives AMERICA DOESNT!!!!!!",3
,,,,,,,,UgzvsLTzMHTK7peLOzN4AaABAg.8ioaAPeoZTz8iotgeA0YRi,Veracity North,2 days ago,1531936240177,Lena - You have way too many screws loose in your head. Trump's moving to Russia soon please join him.,0
,,,,,,,,UgzvsLTzMHTK7peLOzN4AaABAg.8ioaAPeoZTz8iowcLS3g4q,Adam and Eve our first parents,2 days ago,1531936240187,"SlimHooligan pray repent be born again, linked testimonials my account",1
,,,,,,,,UgzvsLTzMHTK7peLOzN4AaABAg.8ioaAPeoZTz8iozlRBCy8Y,Lena Romero,2 days ago,1531936240193,Hakapik you obnoxious fool,2
,,,,,,,,UgzvsLTzMHTK7peLOzN4AaABAg.8ioaAPeoZTz8iozq-2vFis,Lena Romero,2 days ago,1531936240199,Christopher Hamill sick liberal wash your mouth out with peroxide lol,2
,,,,,,,,UgzvsLTzMHTK7peLOzN4AaABAg.8ioaAPeoZTz8ip6i1fWC6v,Star Top,2 days ago,1531936240204,Lena if thats your real picture you look like SHIT.,0
,,,,,,,,UgzvsLTzMHTK7peLOzN4AaABAg.8ioaAPeoZTz8ipB9kn_7qc,Lena Romero,2 days ago,1531936240210,"Hakapik geeze you lefties are so rude and unpleasant, I walked away but should  have run, . You idiots have no idea about what's going on,  this president is in a fight with the NWO,  do you know what that means,  these globalists hate your stinky asses. They want your vote and will send you to war on the same day. What lack of knowing,  and it's the great majority of the left, have no idea whatsoever about what Trump is battling.",2
,,,,,,,,UgzvsLTzMHTK7peLOzN4AaABAg.8ioaAPeoZTz8ipBe5ZipQX,Awaken Baked,2 days ago,1531936240216,"Hakanoogie - You shut your fucking mouth, you woman beating sack of shit! You probably beat your own mother's ass, don't you cum stain? Your mom should have swallowed you.",2
,,,,,,,,UgzvsLTzMHTK7peLOzN4AaABAg.8ioaAPeoZTz8ipCKUS6Oe_,Awaken Baked,2 days ago,1531936240225,"Lena - They are too retarded to know what the New World Order is, or the Deep State. I smoke hella weed, and even I know what's up.",1
,,,,,,,,UgzvsLTzMHTK7peLOzN4AaABAg.8ioaAPeoZTz8ipCudcmaUT,Awaken Baked,2 days ago,1531936240233,"Star 80 - She looks better than your mom, so what are you trying to say about your mom? If you say she looks like shit, and your mom looks like a toad, wouldn't she be devastated to know this? Don't hurt your mom's feelings like that, she brought your ungrateful ass into this world.",2
,,,,,,,,UgzvsLTzMHTK7peLOzN4AaABAg.8ioaAPeoZTz8ipP6Y2d6rZ,Wes,2 days ago,1531936240238,pee pee tapes,1
,,,,,,,,UgzvsLTzMHTK7peLOzN4AaABAg.8ioaAPeoZTz8iqD0VoyKxG,Hawkzblade,2 days ago,1531936240243,"the devil will not let the bastard back in hell, irs where he is going.",0
UgznEa-E-OsoLuHX6sZ4AaABAg,MrEnglewood78,2 days ago,1531936239281,"Trump is the real enemy to u.s. troops, not NFL players.",6,true,14,,,,,,
,,,,,,,,UgznEa-E-OsoLuHX6sZ4AaABAg.8io_d3t2lip8ip3ME9PBSn,doubleGi,2 days ago,1531936240415,you want to attack russia?,1
,,,,,,,,UgznEa-E-OsoLuHX6sZ4AaABAg.8io_d3t2lip8ip4h6gKPyN,MrEnglewood78,2 days ago,1531936240422,doubleGi just pointing out trump and his supporters hypocrisy.,0
,,,,,,,,UgznEa-E-OsoLuHX6sZ4AaABAg.8io_d3t2lip8ipCsm1_eWP,Omnipresent Baguette,2 days ago,1531936240426,"MrEnglewood78 not kidding you want war its not good 
Time for peace > Peace for time",2
,,,,,,,,UgznEa-E-OsoLuHX6sZ4AaABAg.8io_d3t2lip8ipI8m81PAz,MrEnglewood78,2 days ago,1531936240432,"Omnipresent Baguette u.s. and Russia already in a proxy war in Syria. Maybe if Russia and u.s. go head up,  people in other countries may save themselves instead of allowing both u.s. and Russia use them for u.s. and Russia gain.",0
,,,,,,,,UgznEa-E-OsoLuHX6sZ4AaABAg.8io_d3t2lip8ipImZeu4Yy,doubleGi,2 days ago,1531936240435,"MrEnglewood78 I'm European, I just want to understand what's going through your mind. Why is he enemy to u.s. troops?",3
,,,,,,,,UgznEa-E-OsoLuHX6sZ4AaABAg.8io_d3t2lip8ipR_eHYoAJ,MrEnglewood78,2 days ago,1531936240442,"doubleGi why was NFL players enemies to u.s. troops? Trump claimed they are anti American for kneeling against fascist behavior by many cops, how did that make NFL players anti-American? I mean you say you're European, so you should understand fighting against fascism, well that depends what country you're from.  But anyway trump is anti-American for believing Russia, neither intelligence agencies can point the finger, but speaking about u.s., if NFL players are anti-American, trump committed treason.",0
,,,,,,,,UgznEa-E-OsoLuHX6sZ4AaABAg.8io_d3t2lip8ipcSn27jbV,Soj. H,2 days ago,1531936240447,"MrEnglewood78, why is Trump ‚Äúthe real enemy to u.s. troops‚Äù?",1
,,,,,,,,UgznEa-E-OsoLuHX6sZ4AaABAg.8io_d3t2lip8ipclHAVhWV,MrEnglewood78,2 days ago,1531936240454,Soj. H why are NFL players enemies and disrespectful to u.s. troops?,0
,,,,,,,,UgznEa-E-OsoLuHX6sZ4AaABAg.8io_d3t2lip8ipdzxASHDB,Hgktkd Jdhbvso,2 days ago,1531936240458,Hypocritical how define your insult so I may rip it apart with logic and send you on you weak ass way.,0
,,,,,,,,UgznEa-E-OsoLuHX6sZ4AaABAg.8io_d3t2lip8ipeDVxNnY7,Hgktkd Jdhbvso,2 days ago,1531936240465,"doubleGi this retard is only one opinion out of 300 million you should ask someone more well informed. And non biased, not me though cause I like trump.",0
,,,,,,,,UgznEa-E-OsoLuHX6sZ4AaABAg.8io_d3t2lip8ipehHkG3x0,Hgktkd Jdhbvso,2 days ago,1531936240469,"I troll hard, im everywhere on YouTube you cannot escape the flogging accept your stupidity. The first stage to recovery is acceptance üòáüòáüòáüòá fuck around and get trolled.",0
,,,,,,,,UgznEa-E-OsoLuHX6sZ4AaABAg.8io_d3t2lip8ipeyiDPS-I,Hgktkd Jdhbvso,2 days ago,1531936240475,Soj. H he isn't but weak ass arguments deserve weak accusations and minds to direct said weak ass arguments.,0
,,,,,,,,UgznEa-E-OsoLuHX6sZ4AaABAg.8io_d3t2lip8iqBpY_pm9P,doubleGi,2 days ago,1531936240480,"When national anthem plays, you stand up, not to show your submision to the state, but to show respect to everyone around you. They stand to show respect to you, you stand to show respect to them. Those that kneeled didn't give fuck you to the state, they gave one big fuck you to everyone on that stadium and to everyone that watched it on TV. They were saying that as a person, you're not worthy enough for them to stand up.

Regarding your ""fascist"" police... your police officer has around 25x bigger chance to die when dealing with black person, then when dealing with white or asian one. Your blacks also commit around 50% of all crime  and violations in the country and there's only 38 million of them. Not my stats, your FBI's stats. I've seen bunch of videos of when some black got shot by cops, like 90% of them resulted in a kill because your blacks couldn't follow a simple rule like: Raise your hands and get on your knees and started reaching, walking toward the cop and shit like that. Now if I was a cop and I had 25x bigger chance to die when dealing with black person then with white or asian, that shit would make me uncomfortable too and nervous. Especially if you're dealing with this day after day and you're trying to get home alive, back to your family. Still, even with 25x bigger chance to get shot, your statistics show that on average, per persona, your cops kill almost exactly the same amount of blacks, whites and asians and if it was me, with 25x bigger chance to get shot by blacks, I'm sure I would shoot way more blacks then whites or asians in this situations lol. 

Your intelligence agencies.... I still remember them telling whole world and Powell having presentation in UN about Iraq and their weapons of mass destruction. Did Russia influence your elections? Probably yes, but most likely just by publishing, Clinton's files, which should have been done by your media anyway. Did they meddle in your elections directly? Probably not,but that doesn't mean Russian citizens didn't. Frankly, whole world messed into your elections, including myself. I think I wrote more then 1000 comments and arguments to americans, during your elections. As a European I don't really like neither the coup you did in Ukraine, neither the idea of getting Ukraine into EU or nato and get NATO on Russian border, neither you putting the rocket shield close to their territory or you sanctioning them. Because while you people are fucking around and playing political games from far away, it will be my ass on the line and my quality of life in danger and if your choice of the president might have influence on my life, I will try to have influence on who you vote. Vast majority of those ""Russian bots"" were Europeans, normal Russian citizens, Indians, ... that didn't like Hillary talking how hacking is declaration of war and her talking about bombing of Russian cities. If the bitch got elected and kept pushing such shit, it could have resulted in either nuclear war or regular war and if it was regular war, it would be on territory of EU and Russia and I'm not dying or having my house fucked up, because crazy bitch on other side of the ocean felt bombing cities is ok if someone hacks you. So you see, millions of people like me tried to influence your elections and get you all to elect Trump and maybe, instead of acting like bunch of childreen (you fuckers are influencing elections all around the world anyway so it's hillarious that you're bitching now that it happened to you), you can thank us, you might have been burning in nuclear hellfire by now, if she was elected as your president :) Greeting from EU o7 And btw, my life is worth more then your shitty elections.",1
,,,,,,,,UgznEa-E-OsoLuHX6sZ4AaABAg.8io_d3t2lip8itKsC-_tlg,Soj. H,1 day ago,1532022640486,"MrEnglewood78, you tell me. These are the claims you made, not me.",0
UgwtA1iZi-7WwzN1H3R4AaABAg,Sage & Fool,2 days ago,1531936239290,"LOL Trump ""When I left everyone was thrilled""! So funny.",3,false,0,,,,,,
Ugwukk8G8NaCBpZegdp4AaABAg,Orangutan,2 days ago,1531936239295,EXECUTE ALL LIBERALS,1,false,0,,,,,,
UgygMG4GLXEHIZv8SfR4AaABAg,Seventh Anubis,2 days ago,1531936239302,NATO secretary Sultan-Berg...LOL,0,false,0,,,,,,
UgwePeTbdlkHhRtWGmt4AaABAg,sam larsson,2 days ago,1531936239309,"Hey russia!
Did you fix Admiral Kuznetzov yet?",0,false,0,,,,,,
UgzHmB62hykKnlUs58J4AaABAg,laurie hamilton,2 days ago,1531936239318,If the meeting with Putin went so well why is Trump talking about Weapons? Do Putin & Trump know something about WW3 that we don't.,0,true,1,,,,,,
,,,,,,,,UgzHmB62hykKnlUs58J4AaABAg.8ioZuwYSteg8ioaHqnt66f,laurie hamilton,2 days ago,1531936239728,"Hay about that big man cave that the military build in Texas under the airport do you think that Putin & other Russians will be invited in, or is it like the ark movies where you have to be rich to get in. I wonder what they will have on the Menu, do you sapotas it will be there fellow Man.",0
Ugy7XWV5qCFmddWsKjB4AaABAg,A.S.,2 days ago,1531936239325,Support Trump 100% Trump 2020,27,true,6,,,,,,
,,,,,,,,Ugy7XWV5qCFmddWsKjB4AaABAg.8ioZrCBiI5x8ioiodu7Gfx,Mel H,2 days ago,1531936239803,A.S. are you a Russian?,1
,,,,,,,,Ugy7XWV5qCFmddWsKjB4AaABAg.8ioZrCBiI5x8iooOhpOPNp,Z Z,2 days ago,1531936239810,Why wait so long? Putin 2018!,0
,,,,,,,,Ugy7XWV5qCFmddWsKjB4AaABAg.8ioZrCBiI5x8ioppJJCPWD,William Bravo,2 days ago,1531936239815,A.S. RT commenters are amazingly stupid.,0
,,,,,,,,Ugy7XWV5qCFmddWsKjB4AaABAg.8ioZrCBiI5x8iot6JDc6nR,A.S.,2 days ago,1531936239824,William Bravo stupid YOURSELF üëπüëπüëπüëπüëπ,0
,,,,,,,,Ugy7XWV5qCFmddWsKjB4AaABAg.8ioZrCBiI5x8iotMaFKvDK,Lionel Ducote,2 days ago,1531936239827,Count me in!  Make America Great Again!,1
,,,,,,,,Ugy7XWV5qCFmddWsKjB4AaABAg.8ioZrCBiI5x8iqD2r2K3tD,Hawkzblade,2 days ago,1531936239837,only traitors support traitors.,0
UgyZVzol4HLopCiFQ8F4AaABAg,Canadian N Socialist Party,2 days ago,1531936239333,He who can see passed the lies of this life will be free look to the Lord for he is life look not at trump but the Lord for he give life,0,false,0,,,,,,
UgxngJ4l-2ofnOXD3Ax4AaABAg,Screamin Mime,2 days ago,1531936239341,He is supposed to have full faith in in the Intel Agency that was redacting information to be shown to the Senate and advising one of their own agents on what he could and couldn't say during the House Oversight meeting last week?,0,false,0,,,,,,
UgwVLdCjQFX6fnhPSkh4AaABAg,Neil C,2 days ago,1531936239345,You need to pull out of members of NATO we pay too much,0,true,2,,,,,,
,,,,,,,,UgwVLdCjQFX6fnhPSkh4AaABAg.8ioZIl_ss5C8io_zfdyTI-,bratic80,2 days ago,1531936239705,Neil C Russia isn‚Äôt a member of nato,0
,,,,,,,,UgwVLdCjQFX6fnhPSkh4AaABAg.8ioZIl_ss5C8iob0eBCb-W,Neil C,2 days ago,1531936239713,bratic80 2016 yes they're do not give them money,0
UgynddxuuXbCp7Y4PMt4AaABAg,Lestat,2 days ago,1531936239354,how can he talk to Putin...? when hes orange mouth is full of russian sausage....,1,false,0,,,,,,
UgwkTpi8QFDcbB4S-Cx4AaABAg,Lucky Franky,2 days ago,1531936239363,Trump deserve the Nobel peace price for this!,38,true,6,,,,,,
,,,,,,,,UgwkTpi8QFDcbB4S-Cx4AaABAg.8ioZBht-OD38iomrq7POyk,Timothy Janssen,2 days ago,1531936240027,No need for that worthless prize. Obama did nothing to earn his.,3
,,,,,,,,UgwkTpi8QFDcbB4S-Cx4AaABAg.8ioZBht-OD38ionE1yQgpc,M Skallywagg,2 days ago,1531936240031,Lucky Franky great trolling,1
,,,,,,,,UgwkTpi8QFDcbB4S-Cx4AaABAg.8ioZBht-OD38ioqO5MQrGc,William Bravo,2 days ago,1531936240037,"Lucky Franky Rt commenters are dumb, but also amazingly lacking in creativity. Possibly the world's worse trolls.",0
,,,,,,,,UgwkTpi8QFDcbB4S-Cx4AaABAg.8ioZBht-OD38ior7pe8i4D,William Bravo,2 days ago,1531936240041,"Timothy Janssen $905,001.92 as of today's Kroner to US$. Plus a gold medal. Not exactly chump change. And it's bestowed, not earned.",0
,,,,,,,,UgwkTpi8QFDcbB4S-Cx4AaABAg.8ioZBht-OD38ipTpFwbeit,mike vazquez,2 days ago,1531936240048,"Lucky Franky with all hatred going on in Washington against POTUS, I'll be surprised if he gets a happy face sticker.",0
,,,,,,,,UgwkTpi8QFDcbB4S-Cx4AaABAg.8ioZBht-OD38ipccRjoKtJ,Hgktkd Jdhbvso,2 days ago,1531936240052,William Bravo Bahahaha I come here for the laughs lol #Murica,0
Ugz8GHLC93wgzqQd6yN4AaABAg,kalikrome1,2 days ago,1531936239372,"They had to write it out for him, word for word, because  he can't even believe his own bullshit......Helsinki exposed the real trump: an old, weak, phony con man. putin owns him, and the entire world saw it.",11,true,9,,,,,,
,,,,,,,,Ugz8GHLC93wgzqQd6yN4AaABAg.8ioYq-M9Ip28ioeizvaKTK,Nate Mauratt,2 days ago,1531936239917,kalikrome1 yeah because no President ever had talking points written down. Fucking idiot,4
,,,,,,,,Ugz8GHLC93wgzqQd6yN4AaABAg.8ioYq-M9Ip28iof6Yy73my,kalikrome1,2 days ago,1531936239927,Nate Mauratt magat says what ?,1
,,,,,,,,Ugz8GHLC93wgzqQd6yN4AaABAg.8ioYq-M9Ip28iofaoDe2GR,Nate Mauratt,2 days ago,1531936239931,kalikrome1 Is it lonely in your mothers basement? Go back to jerking off to manga,3
,,,,,,,,Ugz8GHLC93wgzqQd6yN4AaABAg.8ioYq-M9Ip28iogJhKjWvL,kalikrome1,2 days ago,1531936239940,Nate Mauratt Isn't it rather unsanitary being a trumpwipe ? You must feel so dirty.....,1
,,,,,,,,Ugz8GHLC93wgzqQd6yN4AaABAg.8ioYq-M9Ip28iog_dij8ns,Nate Mauratt,2 days ago,1531936239948,kalikrome1 not as dirty as I feel when I go down on your mother ü§´,3
,,,,,,,,Ugz8GHLC93wgzqQd6yN4AaABAg.8ioYq-M9Ip28ioh2FQb-EY,kalikrome1,2 days ago,1531936239953,"Nate Mauratt spoken like a true orange snowflake.....melting, lmao.",1
,,,,,,,,Ugz8GHLC93wgzqQd6yN4AaABAg.8ioYq-M9Ip28iohJAL01oy,Nate Mauratt,2 days ago,1531936239962,"kalikrome1 you are aware a snowflake is a term used to describe a leftist right? Keep talking, you just keep providing evidence to your low IQ",2
,,,,,,,,Ugz8GHLC93wgzqQd6yN4AaABAg.8ioYq-M9Ip28iol1ZJzeIB,MFB,2 days ago,1531936239965,Another moron.,0
,,,,,,,,Ugz8GHLC93wgzqQd6yN4AaABAg.8ioYq-M9Ip28ioy2nOkbQ5,albie071,2 days ago,1531936239974,"I believe previous Presidents needed teleprompters. 
They work great, until they don't. Then you get a ""Miss world"" moment.",0
UgxdqUicA9Pfknup6SJ4AaABAg,Lestat,2 days ago,1531936241722,the biggest issue facing humanity is u...... u bloody orange moron....,0,false,0,,,,,,
UgxAZjY67O-0yqWxSBF4AaABAg,Stephan Walter,2 days ago,1531936241726,It takes a lot of skills to read between the lines,0,false,0,,,,,,
UgyfW5Jg5cZBumHWTqJ4AaABAg,D Paul,2 days ago,1531936241735,<Body>Auswtiz Uni<Body>,0,false,0,,,,,,
UgwTv2bCjSMwhir2jVF4AaABAg,Santana Binacci,2 days ago,1531936241743,Hillary lost because no one could stand the smell of her snatch when she made speeches not because of Bullshit Russian colluision you retards!,1,false,0,,,,,,
UgxIIFPe21aUP7O0fEV4AaABAg,cotton123ful,2 days ago,1531936241747,I believe President Trump and President Putin 100% but what about the 400 million to hillery .,41,true,13,,,,,,
,,,,,,,,UgxIIFPe21aUP7O0fEV4AaABAg.8ioXq8TA2-28ioY_OgBCvN,Basil Ramel,2 days ago,1531936242895,"cotton123ful 
Exactly..",3
,,,,,,,,UgxIIFPe21aUP7O0fEV4AaABAg.8ioXq8TA2-28ioYyzKfnRy,Anthony Grant,2 days ago,1531936242899,cotton123ful how hard is it to be a Russian bot?,2
,,,,,,,,UgxIIFPe21aUP7O0fEV4AaABAg.8ioXq8TA2-28ioaoXa8a3j,daz nez,2 days ago,1531936242906,"how hard is it to be ignorant?

https://jimmysllama.com/2018/05/07/11191/",1
,,,,,,,,UgxIIFPe21aUP7O0fEV4AaABAg.8ioXq8TA2-28iolB0qbfwF,Jasen Jahn,2 days ago,1531936242911,"Great. However, are you going to accept Russian meddling? Trump just did.",2
,,,,,,,,UgxIIFPe21aUP7O0fEV4AaABAg.8ioXq8TA2-28iomuKceK_f,M Skallywagg,2 days ago,1531936242917,You're beyond an ignorant ass,0
,,,,,,,,UgxIIFPe21aUP7O0fEV4AaABAg.8ioXq8TA2-28ioovKlAwYM,Daryl Leckt,2 days ago,1531936242921,"M Skallywagg 
lemmy pounds out rythmic bass riffs with god.",1
,,,,,,,,UgxIIFPe21aUP7O0fEV4AaABAg.8ioXq8TA2-28iopKT65_Xl,William Bravo,2 days ago,1531936242959,"cotton123ful It was $400,000. Russia corrected it this morning. If you don't think they're both lying, you should talk to your caregiver / parents / legal guardian about excessive credulity. It's not normal or healthy. Something is wrong with your cognitive ability. See a doctor. This is not a joke.",0
,,,,,,,,UgxIIFPe21aUP7O0fEV4AaABAg.8ioXq8TA2-28iovjrwjSNa,Z Z,2 days ago,1531936242965,"cotton123ful,   you are the only one who understand the issue at depth! Your attitude toward both Presidents tells me that you are a good person to whom I can trust with my own money! My name is Zarumbabo and I'm a very rich prince from Nigeria ....",1
,,,,,,,,UgxIIFPe21aUP7O0fEV4AaABAg.8ioXq8TA2-28iozx-MmKTh,cotton123ful,2 days ago,1531936242972,"I sure thank you zarumbabo because I could use the money ,do I need to send a deposit first?",0
,,,,,,,,UgxIIFPe21aUP7O0fEV4AaABAg.8ioXq8TA2-28ip3Xv4u5S0,Jasen Jahn,2 days ago,1531936242976,"cotton123ful you‚Äôre to far up tRumps ass. Put your country first. Just because millions can‚Äôt stand trump, it doesn‚Äôt mean those same people can‚Äôt stand Hillary. But give Hillary‚Äôs emails  a rest for a bit. Your Hannity deflections isn‚Äôt helping the current situation.",1
,,,,,,,,UgxIIFPe21aUP7O0fEV4AaABAg.8ioXq8TA2-28ip5FIX4nPk,cotton123ful,2 days ago,1531936242986,"Supporting the President is kind of thinking of the country,thanks.",0
,,,,,,,,UgxIIFPe21aUP7O0fEV4AaABAg.8ioXq8TA2-28ipeXi-FS6w,380stroker,2 days ago,1531936242989,Let us not get off topic here.  The topic is the 400 million to Hillary.  So do we let that slide or does she deserve the long dick of the law?,0
,,,,,,,,UgxIIFPe21aUP7O0fEV4AaABAg.8ioXq8TA2-28iqCxWhEslV,Hawkzblade,2 days ago,1531936242997,trumps a liar and proven one.,0
UgzlZuDkgLFRv6sqX7B4AaABAg,ygmfmh,2 days ago,1531936241757,Trump should get the US OUT of NATO - it should be abolished asap - and the US tax payer should pay ZERO towards it.,20,true,3,,,,,,
,,,,,,,,UgzlZuDkgLFRv6sqX7B4AaABAg.8ioXkb35H2J8ioYujRnZQI,Basil Ramel,2 days ago,1531936242277,"ygmfmh 
Right.",1
,,,,,,,,UgzlZuDkgLFRv6sqX7B4AaABAg.8ioXkb35H2J8iohW9c41qh,mkooij,2 days ago,1531936242280,I disagree. But our European governments should pay their fair share and the EU should be dissolved back into the EC,0
,,,,,,,,UgzlZuDkgLFRv6sqX7B4AaABAg.8ioXkb35H2J8ir5D6bqiX-,The Varangian from Pyc,1 day ago,1532022642287,Us is nato they have Europe follow,0
UgxvAY-8lAqzD1XvzIt4AaABAg,M Ch,2 days ago,1531936241768,Now I know how the evil angry clown looks like....,5,true,4,,,,,,
,,,,,,,,UgxvAY-8lAqzD1XvzIt4AaABAg.8ioXj0eftWm8ioYnvPb8tl,Basil Ramel,2 days ago,1531936242449,"M Ch 
We all know what your mother look like. Wet back biiiitch!",0
,,,,,,,,UgxvAY-8lAqzD1XvzIt4AaABAg.8ioXj0eftWm8ioc6w5GtyY,M Ch,2 days ago,1531936242452,"@Basil Ramel: Hello, mentally disturbed specimen. Let me know when you will sign for the therapy - I'll gladly pay for your first visit to a shrink. Wishing you good mental health.",0
,,,,,,,,UgxvAY-8lAqzD1XvzIt4AaABAg.8ioXj0eftWm8iolXN5tv72,MFB,2 days ago,1531936242458,He's not a specimen. He doesn't have integrity. He can only be a reactive bubble blowing in the wind.,1
,,,,,,,,UgxvAY-8lAqzD1XvzIt4AaABAg.8ioXj0eftWm8ipD6qQycGQ,Omnipresent Baguette,2 days ago,1531936242461,M Ch peace and trade after the cold war is nice,1
Ugzxsy15nK-DhHzk0kp4AaABAg,deap mall55,2 days ago,1531936241779,Trump ‚ù§Ô∏è,5,true,2,,,,,,
,,,,,,,,Ugzxsy15nK-DhHzk0kp4AaABAg.8ioXdy7eL-M8ioZ2NIbyOQ,Basil Ramel,2 days ago,1531936242304,"deap mall55 
Negros for Trump! 2020! Camden, Nj.
We're many. Millions!",1
,,,,,,,,Ugzxsy15nK-DhHzk0kp4AaABAg.8ioXdy7eL-M8ioZbp8ho-j,deap mall55,2 days ago,1531936242308,Basil Ramel?,0
UgxHpzyVK_bQjbt4TrV4AaABAg,Andy Mills,2 days ago,1531936241786,I am happy that Trump is trying to work with Russia instead of against them.,143,true,17,,,,,,
,,,,,,,,UgxHpzyVK_bQjbt4TrV4AaABAg.8ioXX-5Lyrw8ioYuKxjEg_,Anthony Grant,2 days ago,1531936243096,Andy Mills is it cold in Russia right now?,6
,,,,,,,,UgxHpzyVK_bQjbt4TrV4AaABAg.8ioXX-5Lyrw8ioZ2oZoYfa,Erik smith,2 days ago,1531936243102,It's the same temp as your room at Langly,7
,,,,,,,,UgxHpzyVK_bQjbt4TrV4AaABAg.8ioXX-5Lyrw8ioa9DnCf00,ŒïŒª ŒõŒπŒΩ,2 days ago,1531936243107,you prefer thermonuclear war right  you idiotic fuck?,4
,,,,,,,,UgxHpzyVK_bQjbt4TrV4AaABAg.8ioXX-5Lyrw8ioafC5mO3V,reason2gether,2 days ago,1531936243113,Andy Mills exactly! The warmonger and brainwashed want it to be chaos and bad relations.,6
,,,,,,,,UgxHpzyVK_bQjbt4TrV4AaABAg.8ioXX-5Lyrw8iobILij_Uk,Matty England,2 days ago,1531936243119,"Andy Mills
So should any sensible person be. George soros is the enemy, not Russia.",3
,,,,,,,,UgxHpzyVK_bQjbt4TrV4AaABAg.8ioXX-5Lyrw8ioe1HvN5t6,Draco04,2 days ago,1531936243124,Andy Mills you are delusional,3
,,,,,,,,UgxHpzyVK_bQjbt4TrV4AaABAg.8ioXX-5Lyrw8ioeTxwUkSw,twylasfaves,2 days ago,1531936243130,"Andy Mills  yeah, i can't wait for us to saddle up right next to the man who kills off his adversaries and takes over other countries, not to mention bombing hospitals and shelters for refugees. We'll be the pride of the world - president Putin can co- manage our military and our security. Yehaw!",3
,,,,,,,,UgxHpzyVK_bQjbt4TrV4AaABAg.8ioXX-5Lyrw8ioe_HCVVaQ,Andy Mills,2 days ago,1531936243135,Draco04 you're a western zombie!!  The propaganda is effective.,3
,,,,,,,,UgxHpzyVK_bQjbt4TrV4AaABAg.8ioXX-5Lyrw8iofW6gQkE_,A man,2 days ago,1531936243139,Trying to work with them after USA/ Israel tried everything from ruining Iran to wanting to invade Venezuela.. Do people have short term memories or what? USA/ Israel just launched a cold war with Russia with this meeting,0
,,,,,,,,UgxHpzyVK_bQjbt4TrV4AaABAg.8ioXX-5Lyrw8iok2DOc1x0,Matty England,2 days ago,1531936243143,"twylasfaves
You've been taken in by the soros propaganda of the MSM! Putin had to take Eastern Ukraine and chimera as soros was once again paying for influence. Remember the pro EU, orange revolution in Ukraine? Guess who funded that? That's right, soros!",0
,,,,,,,,UgxHpzyVK_bQjbt4TrV4AaABAg.8ioXX-5Lyrw8ionk1_lQch,Christopher Hamill,2 days ago,1531936243151,"Another troll with propaganda IM HAPPY HES WITH PUTIN LICKING HIS BOOTS, theres a difference BOT",1
,,,,,,,,UgxHpzyVK_bQjbt4TrV4AaABAg.8ioXX-5Lyrw8ionwI4TEgB,Christopher Hamill,2 days ago,1531936243155,"Erik smith BITCH IM IN CHICAGO ANYTIME YOU WANT TO ""TALK"" THERES A NICE PARK ON WESTERN AND MONTROSE NAME TIME AND DAY BOY!   IF NOT KICK ROCKS HOE ASS BITCH!!!!",0
,,,,,,,,UgxHpzyVK_bQjbt4TrV4AaABAg.8ioXX-5Lyrw8ioqBdU1sbB,Z Z,2 days ago,1531936243162,"""trying to work with Russia""  is a new euphemism for blowjob",2
,,,,,,,,UgxHpzyVK_bQjbt4TrV4AaABAg.8ioXX-5Lyrw8ipRHnJj7xL,bill frost,2 days ago,1531936243166,"agreed andy but lets just hope it is indeed as they are painting in the media , im always cautious and never trust politicians ever they have degrees in deception ,,word smiths",0
,,,,,,,,UgxHpzyVK_bQjbt4TrV4AaABAg.8ioXX-5Lyrw8iq4eturu9L,Jono Newman,2 days ago,1531936243172,"A bit too close by the looks of it, mate",0
,,,,,,,,UgxHpzyVK_bQjbt4TrV4AaABAg.8ioXX-5Lyrw8iq4oe6nM2J,Jono Newman,2 days ago,1531936243178,"Andy Mills Western propaganda? 
What about the channel you're watching right now?",1
,,,,,,,,UgxHpzyVK_bQjbt4TrV4AaABAg.8ioXX-5Lyrw8iqFcMrJ69o,chris0tube,2 days ago,1531936243182,@Jono Newman - What about it (the channel)? Is your brain incapable of making the connection that there is actually sound and vision in this video coming through (to you) from the horses mouth himself?,0
UgzIs7S85k7LypmyuhR4AaABAg,Media Lucia,2 days ago,1531936241804,For 17 years?  check it out cunt : https://www.youtube.com/watch?v=Kh4Of94GBZc,0,false,0,,,,,,
UgxbCwpe5idnV_CT5394AaABAg,RT is subversive propaganda,2 days ago,1531936241815,Trump knows they were about to impeach him or hang him for being a lying traitor.  What an amazing backtrack by comrade Trump.  Putin's propaganda is backfiring spectacularly.,5,true,7,,,,,,
,,,,,,,,UgxbCwpe5idnV_CT5394AaABAg.8ioXP_igm0n8ioYhBby_Zo,Matty England,2 days ago,1531936242388,"RT is subversive propaganda You're a moron, Russia is not the enemy. George soros and the Liberal elite are.",5
,,,,,,,,UgxbCwpe5idnV_CT5394AaABAg.8ioXP_igm0n8ioZ1PH9JNk,RT is subversive propaganda,2 days ago,1531936242395,"Soros and the libs ate my homework.  Soros, Soros, Soros!!!",1
,,,,,,,,UgxbCwpe5idnV_CT5394AaABAg.8ioXP_igm0n8ioZdGEitBZ,Matty England,2 days ago,1531936242399,RT is subversive propaganda Soros has NGO's in every Western country in the world! He is now trying to subvert democracy in the UK by funding a campaign to reverse brexit.,3
,,,,,,,,UgxbCwpe5idnV_CT5394AaABAg.8ioXP_igm0n8ioaUW4cfP_,RT is subversive propaganda,2 days ago,1531936242406,"What's your point?  He's a rich philanthropist.  Unless he's breaking any laws, there's nothing that can be done.  Rich people do what they please with their money.  

People throughout the United States and other countries fund campaigns all the time.  The man is almost on his deathbed.  He'll be dead in a few years anyway.    Try worrying about things that matter.",1
,,,,,,,,UgxbCwpe5idnV_CT5394AaABAg.8ioXP_igm0n8iob5lZ54me,Matty England,2 days ago,1531936242411,"RT is subversive propaganda
He'll die, then his equally fucked up children will carry on his crusade.
With a user name like yours, you're probably on his payroll as well! Soros is scum, so are the corrupt politicians and traitorous NGO's that he funds.",0
,,,,,,,,UgxbCwpe5idnV_CT5394AaABAg.8ioXP_igm0n8iobD5tsQ1x,Matty England,2 days ago,1531936242417,subversive propaganda is  probably soros's middle names,0
,,,,,,,,UgxbCwpe5idnV_CT5394AaABAg.8ioXP_igm0n8iomMbACNwq,The one nonly,2 days ago,1531936242423,RT is subversive propaganda  thats bit harsh ... Trump is publicly conning putin into thinking they could be allies,0
UgxeodEBhP31UGb4Q1d4AaABAg,Loam Bart,2 days ago,1531936241828,"dollars, dollars, dollars, dollars ... This man only talks about dollars, always and every time. He looks more like a cash register than a human being. How tedious! Is politics just a matter of bankers?",21,true,9,,,,,,
,,,,,,,,UgxeodEBhP31UGb4Q1d4AaABAg.8ioXJ4HnRFq8ioXVcxJPYA,deap mall55,2 days ago,1531936242507,"Loam Bart are jealous üòÇüòÇ
World is all about money",4
,,,,,,,,UgxeodEBhP31UGb4Q1d4AaABAg.8ioXJ4HnRFq8ioXsXoP2ej,Loam Bart,2 days ago,1531936242515,"deap mall55 - If so, I would not give a penny for your brain.",2
,,,,,,,,UgxeodEBhP31UGb4Q1d4AaABAg.8ioXJ4HnRFq8ioangXaFr2,Oliver,2 days ago,1531936242518,Your national debt is?22 trillions +  so yes he has too...,0
,,,,,,,,UgxeodEBhP31UGb4Q1d4AaABAg.8ioXJ4HnRFq8iobFrml8ih,Loam Bart,2 days ago,1531936242527,Oliver - ... increase the public debt while he fills his pocket.,0
,,,,,,,,UgxeodEBhP31UGb4Q1d4AaABAg.8ioXJ4HnRFq8ioecBkuClh,Nate Mauratt,2 days ago,1531936242529,People that don't live in their mother's basement find money and jobs important,1
,,,,,,,,UgxeodEBhP31UGb4Q1d4AaABAg.8ioXJ4HnRFq8ion-7UhUlA,Timothy Janssen,2 days ago,1531936242538,"It's always been that way, Where you been?",1
,,,,,,,,UgxeodEBhP31UGb4Q1d4AaABAg.8ioXJ4HnRFq8ioq5fkoNOT,William Bravo,2 days ago,1531936242540,Loam Bart  Yeah. It is. For both Putin & Trump. How could that be a surprise? Do you know Putin's net worth?,0
,,,,,,,,UgxeodEBhP31UGb4Q1d4AaABAg.8ioXJ4HnRFq8ioyQj_WllM,Loam Bart,2 days ago,1531936242549,"William Bravo - No difference, these monsters are similar",0
,,,,,,,,UgxeodEBhP31UGb4Q1d4AaABAg.8ioXJ4HnRFq8iqHPj53xJv,sander Tamso,2 days ago,1531936242552,"The Trump fans are retards.
They have shit for brains like all the other nationalist who walks behind there zio leaders.",1
UgzNzjJHiXOCquW1FZp4AaABAg,kim ho,2 days ago,1531936241841,"trump is great president.
go to the hell china.",1,false,0,,,,,,
UgxX_24xHdUdQSH8z0J4AaABAg,ROD FOULDS,2 days ago,1531936241852,What a dumb lie,0,false,0,,,,,,
UgyMR9uv0vPOkAelENV4AaABAg,MusicByJC,2 days ago,1531936241862,How do I know when Trump is lying?  His lips are moving.  A lying traitor.   We need to get the gallows ready for a good hanging.,9,true,2,,,,,,
,,,,,,,,UgyMR9uv0vPOkAelENV4AaABAg.8ioX9xvGRbO8ioYsr84Yfk,Basil Ramel,2 days ago,1531936242254,"MusicByJC 
Atleast unlike you, he has no cock in it.",2
,,,,,,,,UgyMR9uv0vPOkAelENV4AaABAg.8ioX9xvGRbO8iol_kmhhyL,MFB,2 days ago,1531936242257,Moron.,0
UgyXs3G63-lFodM8F2p4AaABAg,John Paulus,2 days ago,1531936241873,"He is reading his speech from a paper, made by one of his aides!!; nothing from his own!!; windowdressing!! He really cannot recall what he was doing! I really feel sorry for you U.S.A.!! I really hope you analyze this.",7,true,1,,,,,,
,,,,,,,,UgyXs3G63-lFodM8F2p4AaABAg.8ioX9OcppFQ8iobV8b1yVC,Sparky 84,2 days ago,1531936242236,"John Paulus lol calm down u clown. He is reading notes on topics to make sure everything is in its correct order. You do know Obama did the same right?
You have trump disorder syndrome üòÇ",0
Ugz2lQ31oNv7OFDuw7h4AaABAg,Rocky B,2 days ago,1531936241882,The Orange Orangutan  just basically talking gibberish lol,35,true,9,,,,,,
,,,,,,,,Ugz2lQ31oNv7OFDuw7h4AaABAg.8ioX8uOALgl8ioYbE8K45a,Basil Ramel,2 days ago,1531936242789,"Rocky B 
Suck his nutz..",9
,,,,,,,,Ugz2lQ31oNv7OFDuw7h4AaABAg.8ioX8uOALgl8ioYmG2188T,RohanOf ElvenPower,2 days ago,1531936242792,Rocky B where is he orange here? LOOK you blind wanker. Hes whiter than you. Its only specific news channel that filter their footage on purpose. Nigga is normal white. He needs a tan actually. But hes busy with presidentual duties all days of the year.,10
,,,,,,,,Ugz2lQ31oNv7OFDuw7h4AaABAg.8ioX8uOALgl8ioa8-Obg7z,Robin Kuntz,2 days ago,1531936242801,Shut up and go put your  sisters dress on again you little commie rat tranny faggot.,6
,,,,,,,,Ugz2lQ31oNv7OFDuw7h4AaABAg.8ioX8uOALgl8ioaUxGIOxb,Oliver,2 days ago,1531936242805,Bot ! Just ignore it...,3
,,,,,,,,Ugz2lQ31oNv7OFDuw7h4AaABAg.8ioX8uOALgl8ioaVNOxTsK,Rocky B,2 days ago,1531936242813,Go fuck yourselves you low IQ pathetic waste of life. Probably some broke ass southerners. Go suck on dick you motherfuckers,3
,,,,,,,,Ugz2lQ31oNv7OFDuw7h4AaABAg.8ioX8uOALgl8iobS2hdRX5,J Low,2 days ago,1531936242816,Rocky B Gibberish like mending relations all over the world? An massively reducing the risk of nuclear war?,3
,,,,,,,,Ugz2lQ31oNv7OFDuw7h4AaABAg.8ioX8uOALgl8ioh3gp-eur,Joe Mannix,2 days ago,1531936242820,Rocky B Keep sucking your dick.,2
,,,,,,,,Ugz2lQ31oNv7OFDuw7h4AaABAg.8ioX8uOALgl8iohkNARL1X,Rocky B,2 days ago,1531936242827,Joe Mannix  go suck trumps orange cock you stupid motherfucker,1
,,,,,,,,Ugz2lQ31oNv7OFDuw7h4AaABAg.8ioX8uOALgl8iokwjLQdU4,MFB,2 days ago,1531936242830,Responding to those with moronic IQs is not necessary. You will notice in time the cages they live in.,0
UgyZEgyqcfQe99rYQ014AaABAg,Dack Hacksaw,2 days ago,1531936241888,Great meeting of two brilliant men.,14,false,0,,,,,,
UgxRTPgOHyN7DIOqdb14AaABAg,MusicByJC,2 days ago,1531936241896,"Trump says at one point, ""When I left everyone was thrilled."".  I bet they were thrilled.   I would be really thrilled if Trump would leave this country.",4,true,2,,,,,,
,,,,,,,,UgxRTPgOHyN7DIOqdb14AaABAg.8ioX30_QZpz8ioXxaVw6Pz,Barney,2 days ago,1531936242213,lol,0
,,,,,,,,UgxRTPgOHyN7DIOqdb14AaABAg.8ioX30_QZpz8ioYwqx9UWS,Basil Ramel,2 days ago,1531936242221,"MusicByJC 
Bullshit geek.",0
UgyIBNSOgxM5ptElc8h4AaABAg,sam larsson,2 days ago,1531936241904,"He should be thrown out of an airplane over his beloved russia.
FILTHY TRAITOR",10,true,15,,,,,,
,,,,,,,,UgyIBNSOgxM5ptElc8h4AaABAg.8ioX2GVu_HV8ioXP4a8Jm_,deap mall55,2 days ago,1531936242634,sam larsson shut up mountain pig,10
,,,,,,,,UgyIBNSOgxM5ptElc8h4AaABAg.8ioX2GVu_HV8ioXbdoSvlI,ygmfmh,2 days ago,1531936242643,sam should be thrown out of an airplane over his beloved russia. FILTHY TRAITOR,4
,,,,,,,,UgyIBNSOgxM5ptElc8h4AaABAg.8ioX2GVu_HV8ioXzrfQZmR,Yuvi Arora,2 days ago,1531936242647,"sam larsson let's start a war with Russia. Me and you together, fighting on the front lines brother.",3
,,,,,,,,UgyIBNSOgxM5ptElc8h4AaABAg.8ioX2GVu_HV8ioYXi3jPER,sam larsson,2 days ago,1531936242655,"Poor desperate trumpvoters 
Poor desperate russia hahaha",1
,,,,,,,,UgyIBNSOgxM5ptElc8h4AaABAg.8ioX2GVu_HV8ioYY0RuIlZ,Basil Ramel,2 days ago,1531936242659,"sam larsson 
Stick yourself!",2
,,,,,,,,UgyIBNSOgxM5ptElc8h4AaABAg.8ioX2GVu_HV8ioZ_LfBmBj,Basil Ramel,2 days ago,1531936242668,"sam larsson 
Deez nutz!
Where's your mother? I need my cock sucked.",2
,,,,,,,,UgyIBNSOgxM5ptElc8h4AaABAg.8ioX2GVu_HV8ioZkx89j3i,sam larsson,2 days ago,1531936242676,TRAITOR trump is such a cute little submissive cuck lol,1
,,,,,,,,UgyIBNSOgxM5ptElc8h4AaABAg.8ioX2GVu_HV8io_tCp4Fob,ygmfmh,2 days ago,1531936242679,sam is cunt....repeat after TRUMP...SAM+IS=CUNT,0
,,,,,,,,UgyIBNSOgxM5ptElc8h4AaABAg.8ioX2GVu_HV8iobD-kN2kW,sam larsson,2 days ago,1531936242689,"Trump of Finland
Putins own fuckboy
Embarrassing lol",0
,,,,,,,,UgyIBNSOgxM5ptElc8h4AaABAg.8ioX2GVu_HV8iobEWnOQi0,LazyTitan,2 days ago,1531936242694,sam larsson yea a presidential skydiving vacation sounds like fun for trump good idea he'll probably have a fun time parachuting to Moscow,1
,,,,,,,,UgyIBNSOgxM5ptElc8h4AaABAg.8ioX2GVu_HV8iois_uOihL,Mel H,2 days ago,1531936242700,sam larsson Agree,0
,,,,,,,,UgyIBNSOgxM5ptElc8h4AaABAg.8ioX2GVu_HV8iojBvuIVP7,Mel H,2 days ago,1531936242707,"deap mall55 Why are you calling him names? Oh yes, I forgot that is what trump does so why would his followers be any different? Idiots.",0
,,,,,,,,UgyIBNSOgxM5ptElc8h4AaABAg.8ioX2GVu_HV8iooRcvcWXE,Svensk Tiger,2 days ago,1531936242713,Basil Ramel Hey there. Damn you working hard on them comments comrad! Keep up the good work cyka!,0
,,,,,,,,UgyIBNSOgxM5ptElc8h4AaABAg.8ioX2GVu_HV8iorbevorHe,Yuvi Arora,2 days ago,1531936242718,"sam larsson don't ignore me brother. Let's start a war with Russia, I am ready to die for Hillary Clinton's right to rule over our country. Let's attack Russia, kill some white racist Russians and die for the Democrat party.
I promise I will be there with you to our bitter end. 
All praises to the great leader Hillary!!",2
,,,,,,,,UgyIBNSOgxM5ptElc8h4AaABAg.8ioX2GVu_HV8ipDE09LIt2,Omnipresent Baguette,2 days ago,1531936242726,sam larsson and like many sheep just shut up,1
UgxLNq1n_GWoB1zWoPt4AaABAg,Trevon Delaney,2 days ago,1531936243975,President Trump is the best president ever.,70,true,17,,,,,,
,,,,,,,,UgxLNq1n_GWoB1zWoPt4AaABAg.8ioWvaJ6OIQ8ioXt-ShCoE,Barney,2 days ago,1531936244945,you crazy,5
,,,,,,,,UgxLNq1n_GWoB1zWoPt4AaABAg.8ioWvaJ6OIQ8ioXyu61K_k,rtorres81rc,2 days ago,1531936244948,Trevon Delaney - best? Why is he arming Ukraine if it was Obama's Victoria Nuland that did the coup? Why is he continuing Obama's state department policy of funding the NGO white helmets? Why would be bomb Syria 2 times on their Propaganda social media?,1
,,,,,,,,UgxLNq1n_GWoB1zWoPt4AaABAg.8ioWvaJ6OIQ8ioYG7V-J1q,Basil Ramel,2 days ago,1531936244955,"Trevon Delaney 
We love Trump here in Camden, Nj..
Brothas are spreading the word fast.",3
,,,,,,,,UgxLNq1n_GWoB1zWoPt4AaABAg.8ioWvaJ6OIQ8ioYr3zYaSM,Anthony Grant,2 days ago,1531936244958,And then you gave up crack!,2
,,,,,,,,UgxLNq1n_GWoB1zWoPt4AaABAg.8ioWvaJ6OIQ8ioZ9RDKWpa,Basil Ramel,2 days ago,1531936244966,"Trevon Delaney 
Get all the homies on board. Trump train! 2020!
C.M.D.",4
,,,,,,,,UgxLNq1n_GWoB1zWoPt4AaABAg.8ioWvaJ6OIQ8ioZMHK26VR,Basil Ramel,2 days ago,1531936244970,"Anthony Grant 
You say; you looking for some crack? Where's your mother at?
I need my dick sucked.
Trump! 2020!
Grab her by the pussy..she likes that.
HoodratüêÄ.  ..",2
,,,,,,,,UgxLNq1n_GWoB1zWoPt4AaABAg.8ioWvaJ6OIQ8ioZqELPm7s,rtorres81rc,2 days ago,1531936244977,Basil Ramel - So y'all are pretty much excusing his foreign policies because blacks have lower employment but no higher wages? Is that what the Trump train is about?,0
,,,,,,,,UgxLNq1n_GWoB1zWoPt4AaABAg.8ioWvaJ6OIQ8iodIaSMJLj,fluxx,2 days ago,1531936244979,"Just mixed up some would and wouldn't talking to Russia, no big deal.",0
,,,,,,,,UgxLNq1n_GWoB1zWoPt4AaABAg.8ioWvaJ6OIQ8ioe6DVzvl-,Draco04,2 days ago,1531936244987,Trevon Delaney lmfao you are brain dead.,0
,,,,,,,,UgxLNq1n_GWoB1zWoPt4AaABAg.8ioWvaJ6OIQ8iof8SKdiR9,Qm,2 days ago,1531936244990,and the first lady:),1
,,,,,,,,UgxLNq1n_GWoB1zWoPt4AaABAg.8ioWvaJ6OIQ8ioffX2Tnl_,A man,2 days ago,1531936244998,Trevor you're a cunt,0
,,,,,,,,UgxLNq1n_GWoB1zWoPt4AaABAg.8ioWvaJ6OIQ8ioiBRUDF42,Qm,2 days ago,1531936245005,"wow how many trolls are buzzing around, its like in election days:)",2
,,,,,,,,UgxLNq1n_GWoB1zWoPt4AaABAg.8ioWvaJ6OIQ8ioi_MdWOVM,Anthony Grant,2 days ago,1531936245014,Trevon Delaney she‚Äôs teaching your mother and grandmother to read and write. English is actually an easy language to learn compared to speaking Russian! Good luck friend,0
,,,,,,,,UgxLNq1n_GWoB1zWoPt4AaABAg.8ioWvaJ6OIQ8ioj42CM_z4,Hakapik,2 days ago,1531936245022,One thing is for sure.. he has the very dumbest supporters!,0
,,,,,,,,UgxLNq1n_GWoB1zWoPt4AaABAg.8ioWvaJ6OIQ8ionGyAFZXc,M Skallywagg,2 days ago,1531936245025,"Trevon Delaney really "" ever""",0
,,,,,,,,UgxLNq1n_GWoB1zWoPt4AaABAg.8ioWvaJ6OIQ8ionQ3niIEp,M Skallywagg,2 days ago,1531936245033,rtorres81rc he's doing what Obama did after taking over from the moron bush,0
,,,,,,,,UgxLNq1n_GWoB1zWoPt4AaABAg.8ioWvaJ6OIQ8ipOuum2QCy,TheSkepticUn,2 days ago,1531936245035,"Basil Ramel just finish high school, you idiot!",0
Ugyx-GZO0S8KmtzuUy14AaABAg,MusicByJC,2 days ago,1531936243985,Trump has been comprised.  He has gone rogue.   Abort mission.  I repeat abort mission.,14,true,11,,,,,,
,,,,,,,,Ugyx-GZO0S8KmtzuUy14AaABAg.8ioWtBsdF0q8ioYVyiXPJL,Matty England,2 days ago,1531936244597,"Wake up people. The enemy isn't Russia, its George soros and the Liberal elite that he pays for!",11
,,,,,,,,Ugyx-GZO0S8KmtzuUy14AaABAg.8ioWtBsdF0q8ioZKFCs3jG,rtorres81rc,2 days ago,1531936244602,"Matty England - can I ask...if George Soros bailed out Trump (in the millions)... Does that mean Trump owes him something or that they are friends or how do you interpret that? If not, why so much hate for Soros?",0
,,,,,,,,Ugyx-GZO0S8KmtzuUy14AaABAg.8ioWtBsdF0q8io_TSuYHEI,Matty England,2 days ago,1531936244607,"rtorres81rc
As far as I know he can't stand trump. My main issue is that he just gave another ¬£400,000 to try and reverse the brexit result!  That's exactly the same as trying to reverse trump being elected or any other democratic vote. Not a single person in the world has ever cast a vote for soros, yet he has tentacles in every Western nation on earth.",2
,,,,,,,,Ugyx-GZO0S8KmtzuUy14AaABAg.8ioWtBsdF0q8ioahaF8XVT,Human 7,2 days ago,1531936244613,You watch to much hollywood movies,0
,,,,,,,,Ugyx-GZO0S8KmtzuUy14AaABAg.8ioWtBsdF0q8iob3VlTyVO,rtorres81rc,2 days ago,1531936244619,Matty England - sometimes I wonder if it's just manufactured consent. I personally can't see why Trump isn't having his DOJ investigating Soros and stopping him?,0
,,,,,,,,Ugyx-GZO0S8KmtzuUy14AaABAg.8ioWtBsdF0q8iobSI7ge-D,rtorres81rc,2 days ago,1531936244623,Matty England - Every single person on the planet knows what Soros does...Why is he still allowed to do it...no one in the allied nations stops him. Isn't that odd? Not even Trump himself.,0
,,,,,,,,Ugyx-GZO0S8KmtzuUy14AaABAg.8ioWtBsdF0q8ioe6hSK3yh,Matty England,2 days ago,1531936244628,"rtorres81rc
I'm British, so I'm looking at it from an outside perspective, but it seems to me that the American intelligence services, and whatever the equivalent of the civil service is in America, is full of people determined to bring trump down or prevent him teaming up with putin. Probably for the reason that together they could call out soros and all the other people like him.",1
,,,,,,,,Ugyx-GZO0S8KmtzuUy14AaABAg.8ioWtBsdF0q8iofKiUG_Wb,Matty England,2 days ago,1531936244634,"rtorres81rc
I hope trump is picking his time. People here in the UK are starting to wake up. The Tommy Robinson issue has focused so many people's minds to the pedophile cover ups here in the UK. The number of politicians who have convictions for child sex offences is truly shocking!",0
,,,,,,,,Ugyx-GZO0S8KmtzuUy14AaABAg.8ioWtBsdF0q8iofcSwm-qk,Matty England,2 days ago,1531936244641,Human 7 https://timetostartcaring.com/british-politics-a-list-of-mps-convicted-of-sex-offences/,1
,,,,,,,,Ugyx-GZO0S8KmtzuUy14AaABAg.8ioWtBsdF0q8iofeDC69ie,Matty England,2 days ago,1531936244646,"rtorres81rc
https://timetostartcaring.com/british-politics-a-list-of-mps-convicted-of-sex-offences/",0
,,,,,,,,Ugyx-GZO0S8KmtzuUy14AaABAg.8ioWtBsdF0q8iojGuymq6w,Chris Richardson,2 days ago,1531936244651,MusicByJC what does comprise mean? Seriously check your grammar before posting you moron.,0
UgwZsGE04gUXpZpQyAp4AaABAg,Land Cruiser,2 days ago,1531936243995,"–ö–æ–≥–¥–∞ —è –≤ –ø–æ—Å–ª–µ–¥–Ω–∏–π —Ä–∞–∑ –≤–∑–ª–∞–º—ã–≤–∞–ª –≤—ã–±–æ—Ä—ã, —è –ª–æ–≤–∏–ª —Ä—ã–±—É.",5,false,0,,,,,,
UgwhecxodYZFC0laU6l4AaABAg,Yunus - Jonah,2 days ago,1531936244005,"You‚Äôre a zionist puppet 

Russian intelligence knows it and so do some of us plebs",0,false,0,,,,,,
Ugx2sBWNL2Zc5EQ7gP94AaABAg,Chip Fernandez,2 days ago,1531936244020,@3:33 the lights go off exactly when Trump was referring to intelligence agencies.,42,true,12,,,,,,
,,,,,,,,Ugx2sBWNL2Zc5EQ7gP94AaABAg.8ioWPRVWe--8ioY5J2igDP,Barney,2 days ago,1531936244800,he handled that well,6
,,,,,,,,Ugx2sBWNL2Zc5EQ7gP94AaABAg.8ioWPRVWe--8io_8lL8hC0,Debra Legorreta,2 days ago,1531936244806,Antichrist,0
,,,,,,,,Ugx2sBWNL2Zc5EQ7gP94AaABAg.8ioWPRVWe--8iob6wrpUSa,Ben Hartley,2 days ago,1531936244812,Illuminati Confirmed,8
,,,,,,,,Ugx2sBWNL2Zc5EQ7gP94AaABAg.8ioWPRVWe--8ioj7W6c___,Uriah Siner,2 days ago,1531936244819,Top 10 anime makeover.,0
,,,,,,,,Ugx2sBWNL2Zc5EQ7gP94AaABAg.8ioWPRVWe--8iokUJhq05O,john-paul browning,2 days ago,1531936244828,Lol lights out was the message to him üòú,0
,,,,,,,,Ugx2sBWNL2Zc5EQ7gP94AaABAg.8ioWPRVWe--8iolhTSPqc5,Hassan T,2 days ago,1531936244833,The gun fire were missing,0
,,,,,,,,Ugx2sBWNL2Zc5EQ7gP94AaABAg.8ioWPRVWe--8ioplwJMSrM,Trumpstein Oy Vey,2 days ago,1531936244837,The code is in the timing: 3:33  some freemasonic number code.,2
,,,,,,,,Ugx2sBWNL2Zc5EQ7gP94AaABAg.8ioWPRVWe--8ioy-17hBFU,Dank skin R,2 days ago,1531936244844,Trumpstein Oy Vey are you on drugs?,0
,,,,,,,,Ugx2sBWNL2Zc5EQ7gP94AaABAg.8ioWPRVWe--8ipY8YeGH_K,Scott Johnston,2 days ago,1531936244847,"He said American intelligence, and the universe laughed...",0
,,,,,,,,Ugx2sBWNL2Zc5EQ7gP94AaABAg.8ioWPRVWe--8ipbtaw-ocQ,Hgktkd Jdhbvso,2 days ago,1531936244853,"Scott Johnston I wouldn't be to quick to laugh moron I could outhink 9 of you on a hangover, less you spent the last eight years triple majoring in high level sciences.",0
,,,,,,,,Ugx2sBWNL2Zc5EQ7gP94AaABAg.8ioWPRVWe--8iq16JjYlIn,Begitte Olsen,2 days ago,1531936244857,"Chip Fernandez: Hahaha..Perhaps it was a "" sign""  from the agency's that "" We will continue to keep you in the ""dark"".",0
,,,,,,,,Ugx2sBWNL2Zc5EQ7gP94AaABAg.8ioWPRVWe--8iqCv63chtb,Hawkzblade,2 days ago,1531936244864,"he should have been struck by lightning, but a bullet will take the traitor down
he's finished.",0
Ugx4t-8TAwMRncWxhiR4AaABAg,ÿßŸÑŸÖÿÆŸÑÿµ ŸÅŸÇÿ∑ JESUS,2 days ago,1531936244033,"...J E S U S    ...
 CHRIST RETURNS, REPE'N'T OF SIN AND CHANGE YOUR W'A'Y OF LIV'I'N'G.,,.,,",5,true,5,,,,,,
,,,,,,,,Ugx4t-8TAwMRncWxhiR4AaABAg.8ioWHMJ3VrT8ioWf_iJWFU,MusicByJC,2 days ago,1531936244469,Grow up.   Have some shame.  Are you still a child that believes in bronze-age myths.  Sad.,0
,,,,,,,,Ugx4t-8TAwMRncWxhiR4AaABAg.8ioWHMJ3VrT8ioY-gdict5,Ocean Pacific,2 days ago,1531936244473,"MusicByJC it seems like very powerful people believe in it which makes it real for us , all the crap in the middle East is coming true",0
,,,,,,,,Ugx4t-8TAwMRncWxhiR4AaABAg.8ioWHMJ3VrT8ioZJQMn7nL,joneagleboy Rodriguez,2 days ago,1531936244479,Ocean Pacific it is essential to be born again everything in the bible I'd coming to pass. I'd love to see you in heaven. God bless,1
,,,,,,,,Ugx4t-8TAwMRncWxhiR4AaABAg.8ioWHMJ3VrT8ioZXKGVKea,Shakti Love,2 days ago,1531936244487,JESUS Don‚Äôt hold your breath on Jesus. Alone for his skin colour  the travel ban applies. He will get himself detained once again and deported. Maybe it to heaven this time around!,0
,,,,,,,,Ugx4t-8TAwMRncWxhiR4AaABAg.8ioWHMJ3VrT8io_7l3Kxdd,joneagleboy Rodriguez,2 days ago,1531936244493,Shakti Love what are you even talking about everything you said is. Confusing,0
Ugz7kSbBvseTJ7Zl8_t4AaABAg,zygmunt zielinski,2 days ago,1531936244046,The two hour meeting was held behind closed doors. . Why should you be believed. .I don't believe you. .you're a poor used car salesman.,3,true,3,,,,,,
,,,,,,,,Ugz7kSbBvseTJ7Zl8_t4AaABAg.8ioVQJLauy18ioWpZp4hlK,Erik smith,2 days ago,1531936244520,We do not need u for 2020... ;O),1
,,,,,,,,Ugz7kSbBvseTJ7Zl8_t4AaABAg.8ioVQJLauy18ioYTKcVRT8,Basil Ramel,2 days ago,1531936244528,"zygmunt zielinski 
Shut up jackass.",0
,,,,,,,,Ugz7kSbBvseTJ7Zl8_t4AaABAg.8ioVQJLauy18iookWN00XJ,Svensk Tiger,2 days ago,1531936244533,Basil Ramel Ah there you are again comrad! I see u in every comment. Hard work but you do great!,0
UgxQks7QYgiY1fnUnVl4AaABAg,tony hunt,2 days ago,1531936244060,"what a lying piece of shit..""wouldn't "" makes no sense in the context",19,true,6,,,,,,
,,,,,,,,UgxQks7QYgiY1fnUnVl4AaABAg.8ioUVaH8TFK8ioYj53_1H_,Basil Ramel,2 days ago,1531936244689,"tony hunt 
Shut up liberal jerk.
Read this jackass.
Isaiah 32:5-32:8 KJV Bible
See what Shaddai says about dirty liberals.",1
,,,,,,,,UgxQks7QYgiY1fnUnVl4AaABAg.8ioUVaH8TFK8ioYxJxRCbQ,Loam Bart,2 days ago,1531936244722,"tony hunt _ He have to be very very hypocritical to make peace statements while promoting the sale of weapons for trillions of dollars. I do not like this guy, nor his arrogant gangster style.",2
,,,,,,,,UgxQks7QYgiY1fnUnVl4AaABAg.8ioUVaH8TFK8ioavodoIxB,daz nez,2 days ago,1531936244729,https://jimmysllama.com/2018/05/07/11191/,0
,,,,,,,,UgxQks7QYgiY1fnUnVl4AaABAg.8ioUVaH8TFK8ioiVhct67T,Dan Warsaw,2 days ago,1531936244734,tony hunt.   Your starting to figure it out. Trump owes no one though,0
,,,,,,,,UgxQks7QYgiY1fnUnVl4AaABAg.8ioUVaH8TFK8iolF0YEEn9,MFB,2 days ago,1531936244741,"You have enough hate. It's time you went deeper. But, like most liberals the umbilical chord is your safety net.",1
,,,,,,,,UgxQks7QYgiY1fnUnVl4AaABAg.8ioUVaH8TFK8iotHXjnoU9,William Bravo,2 days ago,1531936244746,"Basil Ramel If you didn't see condemnation from across the spectrum today, you must be dumb as a post. If you saw it and still defend Trump, we can add corrupt. 
That you gloss your dim corruption with a sanctimonious Bible quote... well, that's kind of sad AND adorable. It also means you're easily lead by the nose.
Do with that as you please, Cletus.",1